time (hr),od-sensors-3.od-680_E21,od-sensors-6.od-680_E22,od-sensors-2.od-680_F21,od-sensors-5.od-680_F22,od-sensors-1.od-680_G21,od-sensors-7.od-680_G23,od-sensors-7.od-680_H21,od-sensors-8.od-680_H22
0.083333,0,0,0,0,0.003177333,0.003237483,0,0.00053
0.166667,0.001085,0.000198333,0.000335833,0.000336031,0.0028315,0.002830646,6.92E-05,0.00159
0.25,0.000806,0.000401333,0.000537333,0.000549713,0.002486,0.002484984,0.000166667,0.00159
0.333333,0.001866,0.000849333,0.001035333,0.001019709,0.001932,0.001949758,0.000222667,0.00079
0.416667,0.002,0.000821333,0.001229333,0.00124786,0.00138,0.001386868,0.000500667,0.00093
0.5,0.002556,0.000821333,0.001313333,0.001310076,0.000966,0.000982093,0.000584667,0.00119
0.583333,0.002262,0.000905333,0.001479333,0.001506986,0.00069,0.000675102,0.000724667,0.00132
0.666667,0.00303,0.000905333,0.001507333,0.001494824,0.00069,0.000697747,0.000724667,0.00119
0.75,0.002976,0.000989333,0.001397333,0.001406612,0.000414,0.000417262,0.000808667,0.00106
0.833333,0.003028,0.000989333,0.001453333,0.001452491,0.000276,0.000276311,0.000836667,0.00132
0.916667,0.003214,0.001157333,0.001481333,0.00147726,0.000276,0.000278943,0.000668667,0.00079
1,0.003268,0.001129333,0.001287333,0.001314349,0.000276,0.000272756,0.000668667,0.00146
1.083333,0.003136,0.000989333,0.001313333,0.00134425,0,0,0.000696667,0.0004
1.166667,0.003242,0.000849333,0.001535333,0.001576197,0.000138,0.000140535,0.000808667,0.00053
1.25,0.00343,0.000821333,0.001589333,0.001572772,0.000276,0.000281347,0.001002667,0.00079
1.333333,0.003644,0.000681333,0.001589333,0.001631481,0.000276,0.00027605,0.001170667,0.00093
1.416667,0.00367,0.000625333,0.001699333,0.00171341,0.000276,0.000280886,0.001336667,0.00119
1.5,0.00375,0.000625333,0.001645333,0.001642655,0.000276,0.000280126,0.001420667,0.00106
1.583333,0.003724,0.000709333,0.001395333,0.001384178,0.000276,0.000272412,0.001558667,0.00146
1.666667,0.003536,0.000737333,0.001257333,0.00124385,0.000138,0.000138686,0.001364667,0.00027
1.75,0.003536,0.000793333,0.001257333,0.001235283,0.000138,0.000140578,0.001502667,0.00027
1.833333,0.003588,0.000709333,0.001119333,0.001104685,0.000138,0.000141336,0.001418667,0
1.916667,0.003562,0.000653333,0.001063333,0.001074552,0.000276,0.000269141,0.001444667,0.00132
2,0.003482,0.000597333,0.001007333,0.001033902,0.000276,0.000276421,0.001388667,0.0004
2.083333,0.003508,0.000625333,0.000869333,0.000885069,0.000276,0.000271029,0.001388667,0.00146
2.166667,0.00356,0.000513333,0.000785333,0.000767782,0.000276,0.000281393,0.001304667,0.0004
2.25,0.00364,0.000513333,0.000673333,0.000674278,0.000276,0.000270415,0.001304667,0
2.333333,0.003666,0.000457333,0.000589333,0.000598114,0.000138,0.000140677,0.001304667,0.00053
2.416667,0.003986,0.000373333,0.000589333,0.000596952,0.000138,0.000140577,0.001276667,-0.00013
2.5,0.004094,0.000373333,0.000643333,0.000655705,0.000276,0.000280581,0.001302667,0.00013
2.583333,0.00388,0.000233333,0.000643333,0.000642624,0.000138,0.00013591,0.001330667,0
2.666667,0.003722,0.000177333,0.000533333,0.000538907,0.000138,0.000140202,0.001302667,-0.00026
2.75,0.003748,0.000121333,0.000589333,0.000588214,0.000276,0.000276917,0.001276667,-0.00026
2.833333,0.003562,0.000121333,0.000395333,0.000388522,0.000138,0.000136132,0.001250667,0.00027
2.916667,0.003508,6.53E-05,0.000369333,0.000365657,0.000138,0.00014024,0.001306667,0.00013
3,0.003642,0.000177333,0.000259333,0.00025577,0.000138,0.000135005,0.001530667,-0.00013
3.083333,0.003694,0.000177333,0.000425333,0.000418898,0.000138,0.000141067,0.001530667,-0.00053
3.166667,0.003774,0.000317333,0.000259333,0.000263837,0,0,0.001502667,-0.00053
3.25,0.003826,0.000149333,0.000315333,0.00031292,0,0,0.001362667,0.00013
3.333333,0.003852,6.53E-05,0.000121333,0.000119604,-1.11E-16,-1.09E-16,0.001334667,-0.00053
3.416667,0.003692,-4.67E-05,0.000175333,0.000175254,0.000138,0.000134945,0.001054667,-0.00066
3.5,0.00364,-4.67E-05,6.53E-05,6.49611E-05,0.000138,0.000139281,0.001138667,0
3.583333,0.003748,-0.000102667,9.33E-05,9.33479E-05,0.000276,0.000277881,0.001220667,-0.00079
3.666667,0.003722,9.33E-05,0.000121333,0.000118963,0.000414,0.000411727,0.001554667,-0.00026
3.75,0.00391,0.000233333,0.000341333,0.000333942,0.000552,0.000541236,0.001526667,0.00027
3.833333,0.00399,0.000401333,0.000287333,0.000288625,0.00069,0.000689557,0.001778667,0.00053
3.916667,0.004576,0.000401333,0.000563333,0.000553452,0.00069,0.000686551,0.001918667,0.00013
4,0.004708,0.000401333,0.000673333,0.000678697,0.000828,0.000826996,0.002226667,0.00066
4.083333,0.005028,0.000429333,0.000701333,0.00070506,0.000966,0.000954295,0.002338667,0.00027
4.166667,0.005216,0.000541333,0.000785333,0.000783522,0.000966,0.000984429,0.002646667,0.00318
4.25,0.005484,0.000485333,0.000839333,0.000833998,0.000828,0.000815283,0.002702667,0.00066
4.333333,0.00519,0.000569333,0.000617333,0.000607501,0.000966,0.000984165,0.002842667,0.00053
4.416667,0.00519,0.000709333,0.000589333,0.000587554,0.000966,0.000970674,0.002674667,0.0004
4.5,0.00519,0.000737333,0.000783333,0.000778013,0.000966,0.000977924,0.002646667,0.00027
4.583333,0.005108,0.000681333,0.000755333,0.000768153,0.000966,0.000989323,0.002590667,0.00053
4.666667,0.005188,0.000849333,0.001285333,0.001313273,0.001104,0.001089009,0.002646667,0.00066
4.75,0.005482,0.000989333,0.001453333,0.001452167,0.001104,0.00111012,0.002674667,0.00106
4.833333,0.00575,0.001101333,0.001537333,0.001531156,0.001104,0.001081693,0.002842667,0.00066
4.916667,0.005724,0.001157333,0.001425333,0.001409712,0.001104,0.001105217,0.002870667,0.00066
5,0.005832,0.001129333,0.001509333,0.001534963,0.001104,0.001116484,0.002870667,0.00132
5.083333,0.005886,0.001045333,0.001007333,0.001017156,0.001104,0.001111326,0.002786667,0.0004
5.166667,0.005914,0.001045333,0.001007333,0.001033557,0.001104,0.00108279,0.002786667,0.00146
5.25,0.005914,0.000989333,0.001007333,0.001028858,0.000966,0.000985902,0.002786667,0.00093
5.333333,0.006102,0.000961333,0.001201333,0.001193723,0.000966,0.000945304,0.002814667,0.00066
5.416667,0.005994,0.001073333,0.001451333,0.001487902,0.001104,0.001130212,0.002898667,0.00106
5.5,0.006128,0.001299333,0.001423333,0.001426075,0.001104,0.001123384,0.003066667,0.00027
5.583333,0.006262,0.001441333,0.001477333,0.001445331,0.001104,0.001116188,0.003010667,0.00053
5.666667,0.00629,0.001497333,0.001393333,0.001372665,0.001104,0.001110183,0.003094667,0.00199
5.75,0.006344,0.001525333,0.001283333,0.001314849,0.001104,0.001101661,0.003094667,0.00159
5.833333,0.006478,0.001581333,0.000977333,0.00100061,0.000966,0.000987361,0.003206667,0.00066
5.916667,0.006424,0.001637333,0.001061333,0.001068857,0.000966,0.000965806,0.003150667,0.00093
6,0.00645,0.001551333,0.001035333,0.001062308,0.000966,0.000968845,0.003290667,0.0004
6.083333,0.00661,0.001579333,0.001091333,0.001091421,0.001104,0.001079001,0.003290667,0.00106
6.166667,0.006582,0.001861333,0.000953333,0.000954021,0.001104,0.00110941,0.003430667,0.00132
6.25,0.00677,0.001919333,0.001009333,0.000993996,0.001104,0.001086197,0.003514667,0.00132
6.333333,0.006904,0.001863333,0.001065333,0.00104401,0.001242,0.001255735,0.003458667,0.00119
6.416667,0.006744,0.001891333,0.001009333,0.001024229,0.001242,0.001212168,0.003402667,0.00053
6.5,0.00653,0.002005333,0.001065333,0.001061126,0.001242,0.001247078,0.003682667,0.0004
6.583333,0.0068,0.001893333,0.001203333,0.001220397,0.00138,0.001365762,0.003850667,0.00079
6.666667,0.006774,0.001949333,0.001203333,0.001215643,0.00138,0.001391498,0.003682667,0.00053
6.75,0.006962,0.001949333,0.001147333,0.00117203,0.001242,0.001249149,0.003878667,0.00106
6.833333,0.007042,0.002261333,0.001229333,0.001203528,0.00138,0.001396264,0.004018667,0.00079
6.916667,0.00731,0.002205333,0.001201333,0.001219107,0.00138,0.00141324,0.004018667,0.00106
7,0.007256,0.002373333,0.001201333,0.001183006,0.001242,0.001215144,0.004018667,0.00119
7.083333,0.007552,0.002485333,0.001229333,0.001243422,0.00138,0.00138171,0.004298667,0.00225
7.166667,0.007552,0.002541333,0.001285333,0.001311545,0.001518,0.001544933,0.004382667,0.00132
7.25,0.007794,0.002455333,0.001313333,0.001322464,0.001518,0.001506235,0.004438667,0.00146
7.333333,0.007848,0.002651333,0.001479333,0.001448627,0.001656,0.001695039,0.004270667,0.00199
7.416667,0.007848,0.002567333,0.001617333,0.001647165,0.001794,0.001806966,0.004354667,0.00146
7.5,0.007848,0.002709333,0.001727333,0.001712738,0.001794,0.001762384,0.004298667,0.00199
7.583333,0.007956,0.003019333,0.001809333,0.001820935,0.001794,0.001782345,0.004326667,0.00079
7.666667,0.007982,0.003047333,0.001781333,0.001776669,0.001794,0.00182348,0.004438667,0.00212
7.75,0.008036,0.003105333,0.001725333,0.001741214,0.001656,0.001695491,0.004606667,0.00291
7.833333,0.00817,0.003359333,0.001753333,0.001753113,0.001656,0.001650976,0.004690667,0.00079
7.916667,0.008386,0.003245333,0.001865333,0.001870012,0.001656,0.001693706,0.004944667,0.00093
8,0.008386,0.003331333,0.001865333,0.001856947,0.001656,0.001669401,0.005056667,0.00185
8.083333,0.008522,0.003417333,0.002005333,0.002010548,0.001656,0.00165101,0.005282667,0.00146
8.166667,0.008872,0.003587333,0.002257333,0.002254164,0.001932,0.001910955,0.005480667,0.00252
8.25,0.009304,0.003701333,0.002425333,0.002470098,0.00207,0.002087365,0.005734667,0.00212
8.333333,0.009412,0.004013333,0.002537333,0.00250159,0.00207,0.002096832,0.005902667,0.00212
8.416667,0.009872,0.004041333,0.002929333,0.00288398,0.002208,0.002169725,0.006044667,0.00278
8.5,0.010088,0.004409333,0.003209333,0.003263742,0.002346,0.002312151,0.006156667,0.00238
8.583333,0.010224,0.004691333,0.003237333,0.003271419,0.002484,0.00253083,0.006324667,0.00238
8.666667,0.010306,0.004775333,0.003405333,0.003338071,0.002484,0.00244623,0.006438667,0.00358
8.75,0.010442,0.004917333,0.003599333,0.0036682,0.002622,0.002632266,0.006552667,0.00265
8.833333,0.010658,0.005031333,0.003571333,0.00366006,0.0029,0.002876504,0.006890667,0.00318
8.916667,0.01101,0.005117333,0.003765333,0.003740454,0.003038,0.003049812,0.007116667,0.00358
9,0.01139,0.005289333,0.004071333,0.004099457,0.003038,0.003096796,0.007286667,0.00504
9.083333,0.011634,0.005603333,0.004463333,0.004584828,0.003316,0.00331253,0.007426667,0.00451
9.166667,0.012068,0.006059333,0.004659333,0.004730864,0.003594,0.003641337,0.007708667,0.00451
9.25,0.012258,0.006429333,0.004909333,0.004935759,0.003732,0.003798126,0.007906667,0.00491
9.333333,0.012638,0.006713333,0.005021333,0.005152184,0.003872,0.003919659,0.008048667,0.00531
9.416667,0.012828,0.006883333,0.005133333,0.005273901,0.004012,0.00411121,0.008502667,0.00504
9.5,0.0131,0.006883333,0.005075333,0.005208326,0.004012,0.003988862,0.008730667,0.00424
9.583333,0.013046,0.006911333,0.005103333,0.005085312,0.00415,0.004202812,0.009014667,0.00531
9.666667,0.013156,0.007025333,0.005329333,0.005211477,0.004012,0.004104668,0.008986667,0.00665
9.75,0.013212,0.007055333,0.005415333,0.005401048,0.004012,0.003977925,0.009044667,0.00491
9.833333,0.01335,0.006999333,0.005613333,0.005502193,0.004012,0.003986396,0.008846667,0.00585
9.916667,0.013486,0.007369333,0.005755333,0.005799899,0.003872,0.003899814,0.008902667,0.00464
10,0.013758,0.007313333,0.005953333,0.00586798,0.003872,0.003813403,0.008902667,0.00585
10.083333,0.013812,0.007227333,0.005953333,0.005953333,0.003872,0.003864982,0.008958667,0.00571
10.166667,0.013648,0.007169333,0.006037333,0.006090833,0.003732,0.00363933,0.009070667,0.00585
10.25,0.013648,0.007255333,0.006459333,0.006419333,0.003592,0.003515931,0.009012667,0.00638
10.333333,0.013484,0.007141333,0.006403333,0.007185333,0.003592,0.003536728,0.008956667,0.00558
10.416667,0.01343,0.007113333,0.006403333,0.007623333,0.003454,0.003416994,0.008870667,0.00598
10.5,0.013484,0.007313333,0.006403333,0.007951333,0.003314,0.003338913,0.009040667,0.00531
10.583333,0.013566,0.007399333,0.006403333,0.008005333,0.003314,0.00324318,0.009012667,0.00491
10.666667,0.013402,0.007427333,0.006065333,0.008223333,0.003314,0.003328672,0.009240667,0.00585
10.75,0.013484,0.007541333,0.006149333,0.007975333,0.003454,0.003443042,0.009296667,0.00692
10.833333,0.013674,0.007741333,0.006149333,0.007783333,0.003314,0.003275709,0.009468667,0.00585
10.916667,0.013674,0.007741333,0.006345333,0.007483333,0.003454,0.003497947,0.009640667,0.00585
11,0.01392,0.008027333,0.006401333,0.007729333,0.003594,0.003573481,0.009640667,0.00638
11.083333,0.013974,0.008055333,0.006541333,0.007703333,0.003734,0.00366251,0.009640667,0.00531
11.166667,0.014166,0.008457333,0.006625333,0.007869333,0.003734,0.003688601,0.009982667,0.00585
11.25,0.014166,0.008513333,0.006597333,0.008005333,0.003874,0.003933122,0.010180667,0.00531
11.333333,0.014358,0.008571333,0.006625333,0.008251333,0.003874,0.00396877,0.010094667,0.00665
11.416667,0.014384,0.008457333,0.006821333,0.008305333,0.003874,0.003867019,0.010350667,0.00585
11.5,0.014658,0.008715333,0.006765333,0.008331333,0.004012,0.004074577,0.010492667,0.00571
11.583333,0.014794,0.008427333,0.006933333,0.008083333,0.00415,0.004187584,0.010520667,0.00611
11.666667,0.014958,0.008427333,0.007213333,0.008193333,0.004288,0.004392398,0.010606667,0.00611
11.75,0.015122,0.008627333,0.007495333,0.008165333,0.004426,0.0045111,0.010948667,0.00678
11.833333,0.015342,0.008741333,0.007721333,0.008111333,0.004564,0.004549832,0.011004667,0.00651
11.916667,0.015396,0.008797333,0.007805333,0.007865333,0.004564,0.004614064,0.011202667,0.00786
12,0.01545,0.009085333,0.007749333,0.007947333,0.004704,0.00459365,0.011374667,0.00772
12.083333,0.01545,0.009199333,0.007863333,0.007919333,0.004984,0.005008808,0.011374667,0.00839
12.166667,0.01556,0.009659333,0.007891333,0.007947333,0.005124,0.005173996,0.011460667,0.00625
12.25,0.015778,0.009859333,0.007779333,0.008001333,0.005264,0.005137798,0.011632667,0.00839
12.333333,0.015998,0.009945333,0.007835333,0.007973333,0.005404,0.005453205,0.011690667,0.00799
12.416667,0.016328,0.009859333,0.008089333,0.007947333,0.005404,0.005517305,0.011774667,0.00692
12.5,0.01674,0.009975333,0.008285333,0.007701333,0.005404,0.005298415,0.012174667,0.00759
12.583333,0.016876,0.009629333,0.008201333,0.007701333,0.005544,0.005478653,0.012374667,0.00839
12.666667,0.01685,0.009715333,0.008285333,0.007647333,0.005684,0.005564769,0.012602667,0.00839
12.75,0.016932,0.009831333,0.008455333,0.007621333,0.005824,0.00580094,0.012916667,0.00934
12.833333,0.017262,0.009975333,0.008511333,0.007675333,0.006104,0.006209582,0.013174667,0.00853
12.916667,0.017262,0.010089333,0.008625333,0.007867333,0.006244,0.006376968,0.013376667,0.00907
13,0.017428,0.010291333,0.008851333,0.007921333,0.006384,0.006527211,0.013634667,0.00839
13.083333,0.017538,0.010235333,0.008993333,0.008059333,0.006524,0.006452995,0.013750667,0.01015
13.166667,0.01773,0.010293333,0.009135333,0.008003333,0.006664,0.006750653,0.013894667,0.00866
13.25,0.017566,0.010379333,0.009391333,0.008057333,0.006664,0.006714653,0.014010667,0.00893
13.333333,0.01787,0.010379333,0.009335333,0.007921333,0.006664,0.006829397,0.013808667,0.0092
13.416667,0.018146,0.010407333,0.009419333,0.007839333,0.006664,0.006510078,0.014066667,0.00907
13.5,0.018228,0.010751333,0.009503333,0.007783333,0.006804,0.006869155,0.014410667,0.01096
13.583333,0.018504,0.011009333,0.009843333,0.008139333,0.006944,0.006839855,0.014698667,0.01015
13.666667,0.018614,0.011123333,0.009843333,0.008223333,0.007084,0.0072531,0.014698667,0.00988
13.75,0.018586,0.011353333,0.009927333,0.008331333,0.007224,0.007290403,0.015044667,0.01015
13.833333,0.018586,0.011527333,0.010013333,0.008497333,0.007364,0.007374509,0.014902667,0.01015
13.916667,0.018944,0.011413333,0.010297333,0.008553333,0.007364,0.007311614,0.015190667,0.01096
14,0.01911,0.011413333,0.010211333,0.008471333,0.007364,0.007487014,0.015478667,0.01001
14.083333,0.019302,0.011357333,0.010323333,0.008471333,0.007504,0.007500178,0.015592667,0.00947
14.166667,0.019524,0.011531333,0.010437333,0.008527333,0.007644,0.007453866,0.015620667,0.01015
14.25,0.019772,0.011559333,0.010579333,0.008471333,0.007784,0.00760754,0.015762667,0.01109
14.333333,0.019994,0.011789333,0.010635333,0.008635333,0.008064,0.008124527,0.015734667,0.01015
14.416667,0.020188,0.012021333,0.010805333,0.008773333,0.008204,0.008312758,0.015618667,0.01055
14.5,0.02066,0.012425333,0.011061333,0.008883333,0.008204,0.008047731,0.015936667,0.01096
14.583333,0.020936,0.012599333,0.011287333,0.009019333,0.008484,0.008555872,0.016282667,0.01096
14.666667,0.021158,0.012889333,0.011429333,0.009157333,0.008624,0.008569777,0.016484667,0.0115
14.75,0.02152,0.013207333,0.011685333,0.009047333,0.008764,0.008795025,0.016744667,0.01258
14.833333,0.02177,0.013409333,0.011913333,0.009019333,0.009186,0.009036782,0.017120667,0.01109
14.916667,0.021798,0.013495333,0.011913333,0.009045333,0.009466,0.009444566,0.017408667,0.01123
15,0.021938,0.013901333,0.012085333,0.009101333,0.009608,0.00971636,0.017640667,0.0115
15.083333,0.02216,0.013929333,0.012313333,0.009321333,0.00989,0.009914736,0.018046667,0.01258
15.166667,0.02227,0.013871333,0.012343333,0.009403333,0.010032,0.010140634,0.018132667,0.01272
15.25,0.022492,0.014017333,0.012401333,0.009541333,0.010032,0.010150958,0.018336667,0.01353
15.333333,0.022658,0.014105333,0.012601333,0.009321333,0.010174,0.010332455,0.018510667,0.01435
15.416667,0.022964,0.013989333,0.012743333,0.009239333,0.010174,0.010274295,0.018452667,0.01245
15.5,0.023272,0.014047333,0.012885333,0.009047333,0.010174,0.010087088,0.018452667,0.01381
15.583333,0.02358,0.014193333,0.012885333,0.008911333,0.010314,0.010074194,0.018800667,0.01299
15.666667,0.023692,0.014193333,0.012857333,0.008745333,0.010454,0.010389142,0.018974667,0.01258
15.75,0.024084,0.014337333,0.012913333,0.008911333,0.010594,0.010854626,0.019294667,0.0134
15.833333,0.024308,0.014337333,0.012885333,0.009075333,0.010876,0.010898027,0.019758667,0.01449
15.916667,0.02456,0.014511333,0.012971333,0.009101333,0.011016,0.011050973,0.020020667,0.01422
16,0.024728,0.014685333,0.013371333,0.009155333,0.011016,0.010858225,0.020020667,0.01394
16.083333,0.025008,0.014945333,0.013799333,0.009431333,0.011158,0.010922256,0.020136667,0.01531
16.166667,0.025064,0.015091333,0.014229333,0.009349333,0.011158,0.011416344,0.020252667,0.01449
16.25,0.025036,0.015119333,0.014743333,0.009295333,0.011158,0.010890023,0.020312667,0.01531
16.333333,0.025176,0.015119333,0.015087333,0.009295333,0.0113,0.011368036,0.020370667,0.01476
16.416667,0.02512,0.015263333,0.015087333,0.009515333,0.011442,0.011328192,0.020720667,0.01599
16.5,0.025316,0.015351333,0.015087333,0.009377333,0.011442,0.011693989,0.020924667,0.0149
16.583333,0.025428,0.015351333,0.015173333,0.009679333,0.011868,0.011983777,0.021188667,0.01544
16.666667,0.025792,0.015643333,0.015173333,0.009733333,0.01201,0.012268511,0.021538667,0.01613
16.75,0.025988,0.016139333,0.015059333,0.009789333,0.012152,0.011867646,0.021888667,0.01572
16.833333,0.026296,0.016431333,0.015317333,0.009679333,0.012294,0.012014793,0.022092667,0.01558
16.916667,0.026492,0.016547333,0.015259333,0.009707333,0.012578,0.012623096,0.022532667,0.01558
17,0.026828,0.016751333,0.015317333,0.009679333,0.012578,0.012366038,0.022648667,0.01503
17.083333,0.026856,0.016983333,0.015461333,0.009651333,0.01272,0.01246874,0.022794667,0.01585
17.166667,0.026968,0.016895333,0.015633333,0.010065333,0.012862,0.012660027,0.023116667,0.01668
17.25,0.027306,0.016837333,0.015691333,0.010093333,0.013146,0.013320198,0.023380667,0.01764
17.333333,0.027476,0.017071333,0.016093333,0.010147333,0.013288,0.01303608,0.023116667,0.01832
17.416667,0.02773,0.017509333,0.016093333,0.010093333,0.013572,0.013402643,0.023410667,0.01736
17.5,0.028152,0.017509333,0.016323333,0.010645333,0.013856,0.013761314,0.023822667,0.0175
17.583333,0.028492,0.017801333,0.016553333,0.010423333,0.01414,0.014169529,0.024382667,0.01791
17.666667,0.028436,0.018005333,0.016811333,0.010587333,0.014282,0.014512319,0.024706667,0.01791
17.75,0.028774,0.018093333,0.017071333,0.010725333,0.014424,0.014652411,0.025146667,0.01791
17.833333,0.028944,0.018093333,0.017301333,0.010945333,0.014424,0.014150281,0.025470667,0.01791
17.916667,0.029002,0.018239333,0.017503333,0.010559333,0.014566,0.014781961,0.025234667,0.01846
18,0.029314,0.018209333,0.017531333,0.010615333,0.014708,0.014935791,0.024968667,0.01846
18.083333,0.02988,0.018385333,0.017617333,0.010671333,0.014708,0.014561655,0.024998667,0.01888
18.166667,0.029966,0.018445333,0.017501333,0.010755333,0.014708,0.014394246,0.025174667,0.01901
18.25,0.030306,0.018503333,0.017645333,0.010727333,0.01485,0.014938842,0.025262667,0.01874
18.333333,0.03073,0.018621333,0.017531333,0.011223333,0.015136,0.015462334,0.025734667,0.01874
18.416667,0.030814,0.018973333,0.017849333,0.011389333,0.015278,0.015585837,0.026118667,0.0186
18.5,0.03087,0.019237333,0.017849333,0.011775333,0.015562,0.015892583,0.026236667,0.01943
18.583333,0.031096,0.019707333,0.018225333,0.012051333,0.015846,0.016036911,0.026620667,0.01929
18.666667,0.031352,0.019883333,0.018369333,0.012521333,0.016132,0.016180321,0.026768667,0.02081
18.75,0.031778,0.020501333,0.018773333,0.012605333,0.016132,0.015837442,0.026944667,0.02026
18.833333,0.031892,0.020913333,0.019063333,0.012797333,0.016276,0.016330677,0.027062667,0.0197
18.916667,0.032234,0.021209333,0.019323333,0.012797333,0.01642,0.016263898,0.027744667,0.02095
19,0.032832,0.021121333,0.019409333,0.013129333,0.016564,0.016428379,0.028100667,0.0222
19.083333,0.032974,0.021357333,0.019583333,0.013073333,0.016706,0.016482701,0.028426667,0.02122
19.166667,0.032918,0.021357333,0.019439333,0.013435333,0.016848,0.017043435,0.028752667,0.02386
19.25,0.033518,0.021447333,0.019409333,0.013741333,0.01699,0.016710902,0.029436667,0.02206
19.333333,0.033888,0.021535333,0.019787333,0.013935333,0.017276,0.016884762,0.029554667,0.02192
19.416667,0.034204,0.021947333,0.019961333,0.013963333,0.017562,0.017707896,0.030150667,0.02122
19.5,0.03492,0.022153333,0.020513333,0.014241333,0.017994,0.018377122,0.030626667,0.02373
19.583333,0.035234,0.022329333,0.021005333,0.014213333,0.018138,0.017761888,0.030984667,0.02442
19.666667,0.035348,0.022535333,0.021297333,0.014241333,0.01857,0.018344155,0.031134667,0.02233
19.75,0.03578,0.022831333,0.021327333,0.014381333,0.018858,0.01931536,0.031522667,0.0222
19.833333,0.035982,0.023069333,0.021415333,0.014409333,0.019146,0.019106552,0.031344667,0.02386
19.916667,0.035896,0.023483333,0.021445333,0.014575333,0.019146,0.019469703,0.031494667,0.02331
20,0.036268,0.023959333,0.021561333,0.014547333,0.01929,0.019261997,0.032092667,0.02428
20.083333,0.036642,0.024079333,0.021881333,0.014519333,0.019434,0.019434,0.032300667,0.02359
20.166667,0.036814,0.024049333,0.022085333,0.014463333,0.019434,0.020019833,0.032510667,0.0247
20.25,0.037072,0.024049333,0.022609333,0.014435333,0.019434,0.020137333,0.032808667,0.02359
20.333333,0.03759,0.024049333,0.022695333,0.014435333,0.019578,0.020465333,0.033256667,0.0247
20.416667,0.038052,0.024019333,0.022871333,0.014545333,0.019722,0.020887333,0.033076667,0.02554
20.5,0.038514,0.024167333,0.022725333,0.014629333,0.019578,0.021215333,0.033196667,0.02526
20.583333,0.03886,0.024465333,0.022841333,0.014797333,0.019722,0.021073333,0.033076667,0.02582
20.666667,0.039324,0.024851333,0.022901333,0.015075333,0.019866,0.021165333,0.033588667,0.02624
20.75,0.03944,0.024971333,0.022989333,0.015021333,0.019866,0.021633333,0.033680667,0.02512
20.833333,0.03944,0.025089333,0.023019333,0.014993333,0.02001,0.021679333,0.034192667,0.02568
20.916667,0.039468,0.025207333,0.023399333,0.015383333,0.020154,0.022055333,0.034434667,0.02554
21,0.03973,0.025563333,0.023749333,0.015717333,0.020298,0.022243333,0.035278667,0.02666
21.083333,0.039846,0.025593333,0.023835333,0.015605333,0.020442,0.022479333,0.035428667,0.02456
21.166667,0.040194,0.025951333,0.023923333,0.015827333,0.020586,0.023187333,0.035940667,0.02638
21.25,0.040716,0.025951333,0.024215333,0.016023333,0.02102,0.023753333,0.036242667,0.02736
21.333333,0.041094,0.026309333,0.024303333,0.015883333,0.021454,0.023799333,0.036876667,0.02736
21.416667,0.041414,0.026339333,0.024303333,0.015939333,0.02189,0.024129333,0.037088667,0.02807
21.5,0.041792,0.026399333,0.024479333,0.016163333,0.02218,0.024269333,0.037270667,0.02905
21.583333,0.04223,0.026427333,0.024859333,0.016191333,0.02247,0.023561333,0.037422667,0.02891
21.666667,0.04258,0.026785333,0.025269333,0.016303333,0.022616,0.023561333,0.037664667,0.02863
21.75,0.042842,0.026815333,0.025327333,0.016499333,0.022762,0.023609333,0.038088667,0.02905
21.833333,0.042988,0.027055333,0.025827333,0.016331333,0.022762,0.024223333,0.038240667,0.02863
21.916667,0.043076,0.027293333,0.026005333,0.016527333,0.022908,0.024789333,0.038604667,0.03018
22,0.043368,0.027533333,0.026123333,0.016695333,0.023344,0.025355333,0.038664667,0.02821
22.083333,0.043718,0.027833333,0.026095333,0.016975333,0.023488,0.025401333,0.039364667,0.02933
22.166667,0.044068,0.027983333,0.026449333,0.017059333,0.023632,0.025825333,0.039486667,0.03032
22.25,0.044564,0.028163333,0.026391333,0.017367333,0.023922,0.025635333,0.040188667,0.02891
22.333333,0.044974,0.028343333,0.026567333,0.017535333,0.024212,0.025493333,0.040952667,0.03117
22.416667,0.045326,0.028583333,0.026891333,0.017591333,0.024358,0.025305333,0.041868667,0.03103
22.5,0.045678,0.028703333,0.027009333,0.017395333,0.024504,0.025589333,0.041808667,0.03075
22.583333,0.046002,0.029093333,0.027245333,0.017451333,0.024796,0.026111333,0.042084667,0.0316
22.666667,0.04615,0.029273333,0.027481333,0.017423333,0.024942,0.026491333,0.041930667,0.03174
22.75,0.046414,0.029663333,0.027511333,0.017563333,0.025234,0.026775333,0.041960667,0.03217
22.833333,0.046562,0.029963333,0.027511333,0.017703333,0.02538,0.027295333,0.042420667,0.03188
22.916667,0.046798,0.030233333,0.027747333,0.017955333,0.025672,0.027627333,0.042818667,0.03245
23,0.0473,0.030565333,0.027895333,0.018011333,0.025818,0.027627333,0.043124667,0.03174
23.083333,0.04789,0.030927333,0.028161333,0.018123333,0.025964,0.027437333,0.043676667,0.03373
23.166667,0.048244,0.031199333,0.028545333,0.018067333,0.026258,0.027391333,0.044076667,0.0333
23.25,0.048924,0.031471333,0.028723333,0.018207333,0.026404,0.027677333,0.044324667,0.03459
23.333333,0.049428,0.031833333,0.028899333,0.018431333,0.026698,0.027535333,0.044816667,0.0343
23.416667,0.049724,0.032257333,0.029077333,0.018881333,0.026992,0.027631333,0.045124667,0.03616
23.5,0.05011,0.032407333,0.029225333,0.019275333,0.027286,0.027869333,0.045588667,0.03573
23.583333,0.050346,0.033043333,0.029491333,0.019359333,0.027432,0.028153333,0.045988667,0.03588
23.666667,0.050466,0.033497333,0.029521333,0.019415333,0.027726,0.028343333,0.046142667,0.03487
23.75,0.050584,0.033589333,0.029907333,0.019359333,0.028018,0.028963333,0.046482667,0.03702
23.833333,0.050762,0.033771333,0.029847333,0.019245333,0.02831,0.028915333,0.047256667,0.03717
23.916667,0.05097,0.034075333,0.030085333,0.019497333,0.028602,0.029105333,0.047440667,0.03774
24,0.051626,0.033893333,0.030471333,0.019779333,0.028748,0.029439333,0.048000667,0.03789
24.083333,0.051744,0.033893333,0.030945333,0.020061333,0.029042,0.029583333,0.048404667,0.03674
24.166667,0.05231,0.034287333,0.031183333,0.020427333,0.029042,0.029105333,0.049090667,0.03861
24.25,0.052786,0.034377333,0.031747333,0.020513333,0.02919,0.029583333,0.049778667,0.03861
24.333333,0.053324,0.034955333,0.031955333,0.020035333,0.029634,0.029679333,0.050714667,0.03774
24.416667,0.053772,0.035411333,0.032405333,0.020091333,0.030226,0.029773333,0.051370667,0.04063
24.5,0.05449,0.036021333,0.032943333,0.020287333,0.030522,0.029725333,0.052214667,0.03976
24.583333,0.055242,0.036723333,0.033363333,0.020571333,0.030966,0.030347333,0.052936667,0.03991
24.666667,0.055722,0.037303333,0.034053333,0.021051333,0.03141,0.030347333,0.053564667,0.0415
24.75,0.056112,0.037795333,0.034353333,0.021671333,0.031706,0.030729333,0.054604667,0.0415
24.833333,0.056654,0.038439333,0.034473333,0.021925333,0.032002,0.030683333,0.055234667,0.04281
24.916667,0.057348,0.039021333,0.034983333,0.022011333,0.032298,0.030875333,0.056054667,0.0415
25,0.057438,0.039545333,0.035103333,0.022123333,0.032892,0.030923333,0.056686667,0.04485
25.083333,0.058314,0.040253333,0.035313333,0.021895333,0.033338,0.031019333,0.057384667,0.04514
25.166667,0.059224,0.040777333,0.036005333,0.022065333,0.033636,0.031259333,0.058020667,0.04354
25.25,0.05983,0.041455333,0.036637333,0.022235333,0.033786,0.031545333,0.059198667,0.04266
25.333333,0.060316,0.041919333,0.036999333,0.022433333,0.034084,0.031833333,0.060250667,0.04661
25.416667,0.061044,0.042321333,0.037721333,0.022461333,0.034232,0.031929333,0.061174667,0.04705
25.5,0.061624,0.042911333,0.038083333,0.022829333,0.03438,0.031929333,0.062006667,0.04808
25.583333,0.06196,0.043313333,0.038567333,0.022943333,0.034528,0.031977333,0.062776667,0.0472
25.666667,0.062418,0.043687333,0.038779333,0.023199333,0.034676,0.032313333,0.063420667,0.04852
25.75,0.062968,0.044371333,0.039235333,0.023653333,0.034974,0.032025333,0.064194667,0.04793
25.833333,0.063732,0.044743333,0.039721333,0.023795333,0.035124,0.032073333,0.065066667,0.04838
25.916667,0.064038,0.045053333,0.040177333,0.024109333,0.035424,0.032217333,0.065580667,0.05059
26,0.064252,0.045645333,0.040693333,0.024735333,0.035724,0.032797333,0.066098667,0.04926
26.083333,0.064712,0.046081333,0.040937333,0.024849333,0.036024,0.032653333,0.066518667,0.04941
26.166667,0.065142,0.046269333,0.041301333,0.024993333,0.036324,0.032989333,0.067168667,0.05327
26.25,0.065174,0.046831333,0.041667333,0.025279333,0.036624,0.033325333,0.067686667,0.05104
26.333333,0.06545,0.047145333,0.041971333,0.025449333,0.036774,0.034001333,0.068206667,0.05297
26.416667,0.065972,0.047365333,0.042093333,0.025393333,0.036924,0.033903333,0.068628667,0.05432
26.5,0.066464,0.047553333,0.042763333,0.025621333,0.037224,0.034337333,0.069214667,0.05312
26.583333,0.066864,0.047897333,0.043223333,0.025649333,0.037374,0.034627333,0.069280667,0.05193
26.666667,0.06776,0.048275333,0.043561333,0.025735333,0.037374,0.035257333,0.069738667,0.05342
26.75,0.06813,0.048841333,0.044175333,0.025821333,0.037524,0.035063333,0.070390667,0.05447
26.833333,0.068842,0.049281333,0.044605333,0.025849333,0.037674,0.035111333,0.071242667,0.05551
26.916667,0.06906,0.050131333,0.044943333,0.026105333,0.037824,0.035159333,0.071702667,0.05747
27,0.069526,0.050697333,0.045405333,0.026277333,0.037974,0.035013333,0.072292667,0.05898
27.083333,0.069806,0.051169333,0.045651333,0.026619333,0.038424,0.034577333,0.072818667,0.05762
27.166667,0.070302,0.051325333,0.045989333,0.026733333,0.038724,0.034721333,0.073576667,0.05882
27.25,0.070738,0.051545333,0.046389333,0.026961333,0.039024,0.034915333,0.074038667,0.05852
27.333333,0.071578,0.051673333,0.046667333,0.026875333,0.039326,0.035495333,0.074696667,0.05928
27.416667,0.071952,0.052021333,0.047007333,0.027103333,0.039628,0.035979333,0.075290667,0.0611
27.5,0.072232,0.052339333,0.047747333,0.027303333,0.03993,0.036659333,0.076318667,0.06064
27.583333,0.072856,0.052719333,0.048119333,0.027533333,0.040232,0.037339333,0.076848667,0.06155
27.666667,0.073106,0.053385333,0.048367333,0.027705333,0.040384,0.037777333,0.077146667,0.06414
27.75,0.073294,0.053733333,0.048769333,0.028193333,0.040534,0.037973333,0.077612667,0.06277
27.833333,0.073732,0.053957333,0.049141333,0.028165333,0.040684,0.038801333,0.078410667,0.06384
27.916667,0.074296,0.054307333,0.049235333,0.028309333,0.040836,0.039141333,0.078510667,0.0643
28,0.074736,0.055169333,0.049545333,0.028509333,0.040988,0.039533333,0.079378667,0.06568
28.083333,0.075112,0.055329333,0.050103333,0.028827333,0.04129,0.039581333,0.079810667,0.06614
28.166667,0.075426,0.055681333,0.050445333,0.028941333,0.041442,0.040069333,0.080712667,0.06644
28.25,0.07593,0.056287333,0.050695333,0.029429333,0.041746,0.040265333,0.081484667,0.06783
28.333333,0.076152,0.056607333,0.051131333,0.029631333,0.04205,0.040511333,0.082088667,0.06829
28.416667,0.076436,0.056351333,0.051443333,0.030179333,0.042354,0.040707333,0.082426667,0.06922
28.5,0.077004,0.056863333,0.051881333,0.030381333,0.042658,0.041295333,0.083196667,0.06876
28.583333,0.07735,0.057439333,0.052411333,0.030469333,0.042962,0.041687333,0.083566667,0.06922
28.666667,0.077634,0.057663333,0.052535333,0.031019333,0.043266,0.041835333,0.083870667,0.07046
28.75,0.078394,0.058111333,0.052847333,0.030991333,0.04357,0.042475333,0.083904667,0.0717
28.833333,0.078964,0.058785333,0.053473333,0.031019333,0.043874,0.042771333,0.084308667,0.07139
28.916667,0.07944,0.058753333,0.053755333,0.031077333,0.044178,0.043215333,0.085018667,0.07186
29,0.080202,0.059173333,0.054037333,0.031337333,0.044636,0.043561333,0.085696667,0.07483
29.083333,0.080902,0.059883333,0.054601333,0.031423333,0.044942,0.043955333,0.086408667,0.07186
29.166667,0.081028,0.060399333,0.055009333,0.032145333,0.045096,0.044351333,0.087558667,0.07373
29.25,0.081378,0.060817333,0.055167333,0.032435333,0.045402,0.044993333,0.088546667,0.07467
29.333333,0.081858,0.061429333,0.055545333,0.033015333,0.045862,0.045339333,0.089056667,0.0764
29.416667,0.082498,0.061429333,0.056207333,0.033391333,0.046168,0.045933333,0.089534667,0.0764
29.5,0.083074,0.061525333,0.056585333,0.033595333,0.046474,0.046477333,0.090356667,0.07624
29.583333,0.083842,0.061623333,0.056997333,0.033799333,0.046934,0.046825333,0.091454667,0.07655
29.666667,0.084418,0.062013333,0.057439333,0.034119333,0.047088,0.047123333,0.091832667,0.07766
29.75,0.084868,0.062335333,0.057819333,0.034555333,0.047396,0.047769333,0.092724667,0.07876
29.833333,0.085094,0.062919333,0.057915333,0.034963333,0.047704,0.047969333,0.093584667,0.07924
29.916667,0.085384,0.063473333,0.058105333,0.035197333,0.048012,0.048467333,0.094034667,0.07971
30,0.085804,0.064025333,0.058325333,0.035665333,0.04832,0.048767333,0.094346667,0.08066
30.083333,0.086352,0.064481333,0.058737333,0.035869333,0.048782,0.048867333,0.095072667,0.08019
30.166667,0.086964,0.065035333,0.059245333,0.035811333,0.048782,0.049217333,0.095556667,0.0805
30.25,0.087286,0.065231333,0.059593333,0.035781333,0.048936,0.049317333,0.096076667,0.08098
30.333333,0.087642,0.065787333,0.060325333,0.036219333,0.049244,0.049467333,0.096526667,0.08289
30.416667,0.08816,0.066179333,0.061091333,0.036423333,0.049398,0.049617333,0.097292667,0.08369
30.5,0.089102,0.066539333,0.061219333,0.036511333,0.049862,0.049717333,0.097990667,0.0821
30.583333,0.089622,0.066997333,0.061411333,0.036981333,0.05048,0.049817333,0.098792667,0.08369
30.666667,0.090336,0.067553333,0.061859333,0.037419333,0.050944,0.050217333,0.099594667,0.08642
30.75,0.090954,0.067619333,0.062115333,0.037155333,0.051254,0.050719333,0.100434667,0.08562
30.833333,0.091344,0.068113333,0.062115333,0.037127333,0.051718,0.052133333,0.101064667,0.0861
30.916667,0.091606,0.068309333,0.062659333,0.037215333,0.052028,0.052935333,0.101696667,0.08562
31,0.0919,0.069067333,0.063011333,0.036921333,0.052182,0.052935333,0.102576667,0.089
31.083333,0.092488,0.069329333,0.063395333,0.037185333,0.052648,0.053237333,0.103280667,0.08949
31.166667,0.093012,0.069559333,0.063747333,0.037507333,0.052802,0.053287333,0.104234667,0.08803
31.25,0.093766,0.069855333,0.064227333,0.037653333,0.053114,0.052475333,0.105048667,0.09095
31.333333,0.094358,0.070285333,0.064741333,0.038151333,0.053426,0.052981333,0.105932667,0.08916
31.416667,0.095048,0.070417333,0.065223333,0.038651333,0.05405,0.053333333,0.106606667,0.09063
31.5,0.095574,0.071145333,0.065609333,0.038829333,0.054206,0.053483333,0.107638667,0.0934
31.583333,0.096364,0.071707333,0.066223333,0.039153333,0.05483,0.053583333,0.108350667,0.09225
31.666667,0.096562,0.071905333,0.066739333,0.039773333,0.055142,0.053583333,0.108992667,0.09372
31.75,0.097026,0.072135333,0.067063333,0.040039333,0.055456,0.053735333,0.110030667,0.09487
31.833333,0.097424,0.072201333,0.067645333,0.040451333,0.05577,0.054443333,0.110782667,0.09471
31.916667,0.098154,0.072567333,0.068099333,0.040715333,0.05624,0.055101333,0.111178667,0.09569
32,0.098486,0.072733333,0.068325333,0.041277333,0.056554,0.056013333,0.111790667,0.09422
32.083333,0.09915,0.073533333,0.068845333,0.041425333,0.056868,0.056723333,0.112546667,0.09471
32.166667,0.099316,0.074099333,0.069265333,0.041839333,0.057182,0.056671333,0.112656667,0.09536
32.25,0.099714,0.074665333,0.069655333,0.042047333,0.05734,0.056469333,0.113268667,0.09586
32.333333,0.099814,0.074933333,0.070077333,0.042373333,0.057656,0.056469333,0.114170667,0.09668
32.416667,0.100414,0.075533333,0.070369333,0.042491333,0.058128,0.056267333,0.114856667,0.09701
32.5,0.10135,0.075533333,0.070597333,0.042759333,0.0586,0.056623333,0.115326667,0.09718
32.583333,0.10195,0.075767333,0.071153333,0.043057333,0.058914,0.056827333,0.116488667,0.09916
32.666667,0.102618,0.076235333,0.071481333,0.043383333,0.059386,0.057335333,0.117398667,0.09949
32.75,0.103656,0.076871333,0.071741333,0.043709333,0.05986,0.057999333,0.117982667,0.10049
32.833333,0.104498,0.077139333,0.072329333,0.043947333,0.060336,0.058713333,0.118530667,0.10082
32.916667,0.10497,0.077743333,0.072885333,0.044005333,0.060654,0.058611333,0.118968667,0.10299
33,0.105878,0.078313333,0.073311333,0.044481333,0.061288,0.059583333,0.119444667,0.10232
33.083333,0.106552,0.078819333,0.073639333,0.045199333,0.061606,0.060403333,0.120436667,0.10349
33.166667,0.106822,0.079327333,0.074197333,0.045617333,0.061922,0.060761333,0.121208667,0.10399
33.25,0.106956,0.080169333,0.074757333,0.046275333,0.06224,0.061327333,0.122348667,0.10567
33.333333,0.107498,0.080573333,0.075121333,0.046843333,0.062716,0.061941333,0.123080667,0.10719
33.416667,0.107736,0.081555333,0.075485333,0.046903333,0.063036,0.061941333,0.123522667,0.10871
33.5,0.108414,0.082131333,0.075881333,0.046843333,0.063514,0.062559333,0.124080667,0.10804
33.583333,0.109094,0.082471333,0.076311333,0.047263333,0.063994,0.062919333,0.124784667,0.10804
33.666667,0.10991,0.082981333,0.076477333,0.047473333,0.064314,0.063177333,0.125342667,0.11007
33.75,0.110318,0.084139333,0.077139333,0.047985333,0.064794,0.064107333,0.126416667,0.11007
33.833333,0.111238,0.084479333,0.077669333,0.048557333,0.065434,0.064519333,0.127420667,0.11126
33.916667,0.111854,0.084921333,0.078331333,0.048979333,0.066074,0.064623333,0.128018667,0.11126
34,0.112676,0.085637333,0.078961333,0.049311333,0.066554,0.065141333,0.128352667,0.1128
34.083333,0.113088,0.086321333,0.079591333,0.049885333,0.067356,0.065815333,0.128952667,0.11434
34.166667,0.11381,0.086425333,0.080325333,0.050247333,0.067998,0.065867333,0.130152667,0.11109
34.25,0.114534,0.087009333,0.080857333,0.050337333,0.068482,0.066437333,0.130978667,0.11348
34.333333,0.115326,0.087557333,0.081323333,0.050821333,0.068966,0.067429333,0.131768667,0.11451
34.416667,0.11581,0.087971333,0.081991333,0.051365333,0.069612,0.067741333,0.133238667,0.11503
34.5,0.116602,0.088419333,0.082693333,0.051943333,0.070098,0.068003333,0.134334667,0.11641
34.583333,0.117432,0.089073333,0.083163333,0.052519333,0.070584,0.068787333,0.134828667,0.11623
34.666667,0.117848,0.089729333,0.083667333,0.053459333,0.071234,0.069571333,0.135814667,0.11848
34.75,0.118612,0.090559333,0.083969333,0.054159333,0.071722,0.069623333,0.136650667,0.11952
34.833333,0.119272,0.091495333,0.084745333,0.054707333,0.072374,0.070251333,0.137412667,0.12057
34.916667,0.120108,0.091979333,0.085317333,0.055317333,0.072864,0.071355333,0.138290667,0.11883
35,0.120526,0.092813333,0.085655333,0.056237333,0.073516,0.071933333,0.139244667,0.12091
35.083333,0.121258,0.093613333,0.086229333,0.057157333,0.073842,0.072195333,0.140784667,0.12161
35.166667,0.121644,0.094345333,0.087073333,0.057801333,0.074494,0.072881333,0.141320667,0.12161
35.25,0.122414,0.095079333,0.087583333,0.058723333,0.07482,0.073461333,0.142012667,0.12301
35.333333,0.122836,0.095847333,0.088297333,0.059557333,0.075474,0.073833333,0.142706667,0.12582
35.416667,0.12375,0.096477333,0.088909333,0.060267333,0.075966,0.074203333,0.143906667,0.12529
35.5,0.124772,0.097039333,0.089589333,0.060823333,0.076458,0.075263333,0.144062667,0.12706
35.583333,0.125938,0.097459333,0.090269333,0.061595333,0.076952,0.076113333,0.145496667,0.12688
35.666667,0.126538,0.097811333,0.090747333,0.061781333,0.077446,0.076535333,0.146780667,0.12883
35.75,0.127492,0.098691333,0.091293333,0.062433333,0.077776,0.076855333,0.147754667,0.12741
35.833333,0.127988,0.099149333,0.091805333,0.062901333,0.078272,0.077707333,0.148496667,0.12901
35.916667,0.12852,0.099891333,0.092387333,0.063587333,0.078602,0.078027333,0.149396667,0.13007
36,0.129198,0.100845333,0.092729333,0.064149333,0.079098,0.078457333,0.149788667,0.13132
36.083333,0.130196,0.101695333,0.093243333,0.065019333,0.07976,0.079527333,0.150378667,0.13472
36.166667,0.130838,0.102369333,0.093725333,0.065647333,0.080258,0.079581333,0.151244667,0.13347
36.25,0.131766,0.103043333,0.094483333,0.065865333,0.080922,0.079957333,0.152074667,0.13419
36.333333,0.132266,0.103507333,0.094965333,0.066147333,0.081752,0.080011333,0.152942667,0.13526
36.416667,0.132768,0.104185333,0.095723333,0.066459333,0.082416,0.080171333,0.154286667,0.13347
36.5,0.133162,0.104937333,0.096347333,0.066993333,0.083082,0.080277333,0.155198667,0.13653
36.583333,0.133808,0.105331333,0.096969333,0.067055333,0.083748,0.080919333,0.156352667,0.13671
36.666667,0.134494,0.106335333,0.097663333,0.067935333,0.08425,0.081187333,0.157348667,0.13707
36.75,0.135542,0.107087333,0.098427333,0.068881333,0.084752,0.082101333,0.158266667,0.13943
36.833333,0.136084,0.107555333,0.099191333,0.069891333,0.085424,0.082695333,0.158948667,0.1387
36.916667,0.136952,0.107771333,0.099747333,0.070553333,0.086096,0.083399333,0.160032667,0.13979
37,0.137676,0.108635333,0.100655333,0.071249333,0.0866,0.084755333,0.161122667,0.14235
37.083333,0.138402,0.109177333,0.101003333,0.071471333,0.087272,0.085623333,0.161726667,0.14162
37.166667,0.138984,0.110119333,0.101703333,0.071883333,0.088284,0.086603333,0.162534667,0.14345
37.25,0.13997,0.110843333,0.102229333,0.072075333,0.08879,0.087365333,0.163746667,0.14308
37.333333,0.141142,0.111821333,0.102859333,0.072615333,0.089298,0.088181333,0.164720667,0.14566
37.416667,0.141946,0.112547333,0.102965333,0.073315333,0.089974,0.088675333,0.165536667,0.14547
37.5,0.142826,0.112765333,0.103845333,0.074175333,0.090654,0.089221333,0.166880667,0.14639
37.583333,0.143412,0.112873333,0.104621333,0.075073333,0.090994,0.089549333,0.167940667,0.14529
37.666667,0.143852,0.113823333,0.105609333,0.075679333,0.091674,0.090099333,0.168718667,0.14658
37.75,0.144332,0.114703333,0.106351333,0.076449333,0.092184,0.090925333,0.169210667,0.14825
37.833333,0.145292,0.115325333,0.107553333,0.077091333,0.092864,0.091643333,0.169826667,0.15104
37.916667,0.145922,0.116571333,0.108513333,0.077959333,0.093376,0.092523333,0.170526667,0.15254
38,0.146736,0.117635333,0.108869333,0.078023333,0.093888,0.093351333,0.172014667,0.1531
38.083333,0.1477,0.118187333,0.109653333,0.078957333,0.094402,0.094069333,0.173048667,0.15197
38.166667,0.148444,0.118889333,0.110653333,0.079991333,0.095432,0.094679333,0.174664667,0.15179
38.25,0.149152,0.119849333,0.111189333,0.080573333,0.095948,0.095123333,0.175494667,0.15029
38.333333,0.149786,0.120367333,0.111907333,0.080929333,0.096982,0.095903333,0.176912667,0.15498
38.416667,0.15102,0.121183333,0.112945333,0.081511333,0.097842,0.096739333,0.176870667,0.15404
38.5,0.151996,0.121925333,0.113413333,0.081869333,0.098704,0.098137333,0.178000667,0.15668
38.583333,0.15286,0.122557333,0.113881333,0.082099333,0.09905,0.098921333,0.178758667,0.15782
38.666667,0.15365,0.123155333,0.114601333,0.082849333,0.099914,0.099481333,0.180142667,0.15782
38.75,0.154892,0.123937333,0.115143333,0.083403333,0.100088,0.100491333,0.181200667,0.15972
38.833333,0.155346,0.124723333,0.115613333,0.084545333,0.10061,0.100883333,0.182714667,0.16278
38.916667,0.156332,0.125285333,0.116519333,0.085131333,0.101132,0.101107333,0.183434667,0.15953
39,0.157052,0.126301333,0.117171333,0.085819333,0.101828,0.101671333,0.183942667,0.16297
39.083333,0.15827,0.127089333,0.117971333,0.086081333,0.102526,0.102969333,0.184836667,0.16374
39.166667,0.159032,0.127879333,0.118663333,0.086869333,0.103224,0.103309333,0.185348667,0.16355
39.25,0.159792,0.128105333,0.119573333,0.087431333,0.103922,0.104669333,0.185944667,0.16605
39.333333,0.160212,0.129351333,0.120119333,0.088321333,0.104446,0.105237333,0.186670667,0.1647
39.416667,0.160978,0.129729333,0.121107333,0.089179333,0.104972,0.106433333,0.187996667,0.16605
39.5,0.1614,0.130335333,0.121987333,0.090267333,0.105674,0.106833333,0.188770667,0.16625
39.583333,0.162092,0.130827333,0.122759333,0.091195333,0.106376,0.108205333,0.189716667,0.16818
39.666667,0.163362,0.132193333,0.123605333,0.091925333,0.107082,0.108893333,0.191530667,0.17013
39.75,0.164208,0.132575333,0.124675333,0.092923333,0.108142,0.109751333,0.192434667,0.17228
39.833333,0.165056,0.133491333,0.125449333,0.093023333,0.108848,0.110383333,0.193256667,0.17091
39.916667,0.165828,0.134293333,0.125929333,0.093323333,0.109202,0.111419333,0.194604667,0.17228
40,0.166526,0.135441333,0.126409333,0.093757333,0.109912,0.111825333,0.195826667,0.17307
40.083333,0.167108,0.136017333,0.127263333,0.094025333,0.110444,0.112925333,0.196176667,0.17504
40.166667,0.168238,0.136823333,0.127933333,0.094125333,0.110978,0.113849333,0.197134667,0.17623
40.25,0.169018,0.137555333,0.128455333,0.095129333,0.11169,0.114837333,0.198274667,0.17821
40.333333,0.169682,0.138287333,0.129611333,0.095967333,0.11276,0.115885333,0.198670667,0.17801
40.416667,0.170582,0.139177333,0.130655333,0.096403333,0.113654,0.116407333,0.199462667,0.1816
40.5,0.171366,0.140459333,0.131405333,0.097073333,0.114548,0.117051333,0.200166667,0.17841
40.583333,0.172232,0.141547333,0.131929333,0.098015333,0.115266,0.118043333,0.201756667,0.18261
40.666667,0.173572,0.142481333,0.132981333,0.098657333,0.116164,0.118101333,0.202864667,0.1816
40.75,0.174714,0.143181333,0.133621333,0.099299333,0.116886,0.118511333,0.204552667,0.18261
40.833333,0.175782,0.143727333,0.134527333,0.100383333,0.117608,0.119743333,0.205398667,0.18583
40.916667,0.176654,0.143923333,0.135245333,0.101435333,0.11833,0.120865333,0.206822667,0.18462
41,0.17737,0.144669333,0.136457333,0.102183333,0.119054,0.121869333,0.207810667,0.18624
41.083333,0.177888,0.145219333,0.137597333,0.103001333,0.11978,0.123045333,0.208754667,0.18766
41.166667,0.178644,0.146081333,0.138625333,0.103955333,0.120506,0.123695333,0.209566667,0.18949
41.25,0.179522,0.146513333,0.139425333,0.104845333,0.121234,0.124347333,0.210918667,0.19092
41.333333,0.18036,0.147497333,0.140303333,0.105461333,0.122146,0.125245333,0.212366667,0.19215
41.416667,0.181202,0.147971333,0.141185333,0.106423333,0.122876,0.126201333,0.213500667,0.19154
41.5,0.182572,0.148763333,0.141415333,0.107109333,0.123608,0.127455333,0.214682667,0.19339
41.583333,0.183294,0.149315333,0.142107333,0.107385333,0.124158,0.128589333,0.215548667,0.19483
41.666667,0.18394,0.150343333,0.142645333,0.107939333,0.124708,0.129547333,0.216324667,0.19462
41.75,0.184586,0.151181333,0.143145333,0.108699333,0.12526,0.130393333,0.217150667,0.19545
41.833333,0.185112,0.152097333,0.144075333,0.108977333,0.12618,0.131481333,0.217930667,0.19628
41.916667,0.185396,0.153257333,0.145001333,0.109845333,0.126916,0.132813333,0.218804667,0.19732
42,0.186452,0.154255333,0.145505333,0.110743333,0.127838,0.134327333,0.219862667,0.19836
42.083333,0.187758,0.155135333,0.146629333,0.111333333,0.128764,0.135845333,0.220646667,0.20023
42.166667,0.18935,0.155817333,0.147793333,0.112415333,0.12969,0.136699333,0.221760667,0.20191
42.25,0.190616,0.156541333,0.148379333,0.113319333,0.130622,0.137249333,0.222874667,0.20317
42.333333,0.19123,0.157513333,0.149355333,0.114089333,0.131366,0.137677333,0.223756667,0.20296
42.416667,0.192008,0.158725333,0.150683333,0.115385333,0.1323,0.138537333,0.225158667,0.20444
42.5,0.19271,0.159777333,0.151467333,0.116121333,0.13286,0.139647333,0.226698667,0.20465
42.583333,0.193082,0.160385333,0.152331333,0.116473333,0.133608,0.141193333,0.227354667,0.20656
42.666667,0.19395,0.161033333,0.153237333,0.117425333,0.133982,0.142861333,0.228530667,0.20911
42.75,0.19519,0.161605333,0.154105333,0.117847333,0.134734,0.144285333,0.229848667,0.20911
42.833333,0.19606,0.162421333,0.154819333,0.118271333,0.135298,0.145591333,0.230652667,0.20997
42.916667,0.196684,0.163035333,0.155849333,0.119191333,0.136238,0.146589333,0.231456667,0.21297
43,0.197766,0.164263333,0.157203333,0.119935333,0.136994,0.147153333,0.232686667,0.21405
43.083333,0.198518,0.165699333,0.157759333,0.120537333,0.13794,0.148347333,0.233828667,0.21405
43.166667,0.199102,0.166397333,0.158835333,0.121675333,0.138886,0.149349333,0.234732667,0.21578
43.25,0.200106,0.167057333,0.159673333,0.122639333,0.139644,0.150043333,0.235976667,0.21319
43.333333,0.201366,0.167879333,0.160313333,0.123209333,0.140406,0.151563333,0.237364667,0.21491
43.416667,0.202082,0.168333333,0.160835333,0.124209333,0.141168,0.152637333,0.238758667,0.21883
43.5,0.203052,0.168623333,0.161877333,0.125285333,0.14174,0.153783333,0.239336667,0.22014
43.583333,0.204234,0.169789333,0.162561333,0.126257333,0.142506,0.155119333,0.240494667,0.21926
43.666667,0.20542,0.170661333,0.163083333,0.126867333,0.14308,0.156391333,0.241658667,0.22124
43.75,0.206058,0.171451333,0.164295333,0.128457333,0.143846,0.157225333,0.242142667,0.22255
43.833333,0.20682,0.172829333,0.164619333,0.129289333,0.14423,0.158765333,0.243068667,0.22366
43.916667,0.207586,0.173705333,0.165553333,0.129833333,0.144998,0.159151333,0.244332667,0.22521
44,0.208868,0.174293333,0.166285333,0.130815333,0.14577,0.160117333,0.245408667,0.22454
44.083333,0.209554,0.175091333,0.167383333,0.131797333,0.14654,0.161343333,0.246194667,0.22698
44.166667,0.210542,0.175931333,0.168119333,0.132161333,0.147314,0.162577333,0.248108667,0.22743
44.25,0.211702,0.176819333,0.169301333,0.133221333,0.148474,0.163881333,0.249144667,0.23011
44.333333,0.212604,0.178427333,0.169873333,0.133987333,0.149446,0.166031333,0.250230667,0.23145
44.416667,0.213168,0.179189333,0.170857333,0.134797333,0.150224,0.167467333,0.250870667,0.23213
44.5,0.214076,0.180721333,0.171719333,0.135639333,0.151392,0.168975333,0.251810667,0.23281
44.583333,0.215204,0.182167333,0.172627333,0.136411333,0.152172,0.170161333,0.252408667,0.23416
44.666667,0.216116,0.182935333,0.173411333,0.136815333,0.152954,0.170819333,0.253506667,0.23507
44.75,0.217422,0.182891333,0.174609333,0.137957333,0.153738,0.171749333,0.255158667,0.23688
44.833333,0.218468,0.183703333,0.175521333,0.138141333,0.154524,0.173479333,0.256858667,0.23779
44.916667,0.218816,0.183961333,0.176475333,0.139105333,0.155312,0.174813333,0.258114667,0.23825
45,0.21943,0.184519333,0.177057333,0.140033333,0.1561,0.175411333,0.259830667,0.23757
45.083333,0.220306,0.185209333,0.177973333,0.141485333,0.15689,0.176881333,0.260890667,0.23917
45.166667,0.221012,0.186891333,0.178811333,0.142607333,0.15788,0.178225333,0.261652667,0.24215
45.25,0.221762,0.188145333,0.179439333,0.143613333,0.158674,0.178967333,0.262770667,0.24215
45.333333,0.223346,0.189227333,0.180321333,0.144325333,0.15947,0.180117333,0.263890667,0.24539
45.416667,0.224054,0.190401333,0.181245333,0.145113333,0.160266,0.182211333,0.264762667,0.24469
45.5,0.225298,0.191269333,0.182129333,0.146323333,0.161264,0.183773333,0.266042667,0.24982
45.583333,0.226098,0.191661333,0.182845333,0.147229333,0.161864,0.184863333,0.267222667,0.24982
45.666667,0.226944,0.192317333,0.183645333,0.148549333,0.162866,0.186159333,0.268148667,0.2517
45.75,0.227704,0.193237333,0.184279333,0.149379333,0.163668,0.187461333,0.269022667,0.25029
45.833333,0.22891,0.193983333,0.185255333,0.150135333,0.164672,0.187735333,0.270058667,0.25335
45.916667,0.229538,0.194993333,0.186403333,0.150517333,0.165478,0.189047333,0.270732667,0.25454
46,0.230616,0.196093333,0.187341333,0.151167333,0.166486,0.190501333,0.271512667,0.25454
46.083333,0.231878,0.197153333,0.188493333,0.151779333,0.167092,0.191889333,0.272396667,0.25811
46.166667,0.232868,0.197817333,0.189347333,0.152925333,0.168106,0.193073333,0.273700667,0.25811
46.25,0.233592,0.198883333,0.189819333,0.154421333,0.169122,0.195157333,0.274958667,0.25668
46.333333,0.234452,0.199995333,0.190379333,0.155305333,0.169936,0.196279333,0.276266667,0.26026
46.416667,0.23536,0.201379333,0.191673333,0.156383333,0.170752,0.197827333,0.277368667,0.26123
46.5,0.235906,0.202049333,0.192363333,0.157617333,0.171568,0.199377333,0.278578667,0.26364
46.583333,0.23668,0.202941333,0.193183333,0.158701333,0.172592,0.201003333,0.279368667,0.26558
46.666667,0.237776,0.203613333,0.194523333,0.159829333,0.173412,0.202635333,0.280432667,0.26704
46.75,0.238968,0.204559333,0.195477333,0.160997333,0.17444,0.204271333,0.281816667,0.26729
46.833333,0.239518,0.204873333,0.195825333,0.161815333,0.17547,0.205631333,0.282986667,0.269
46.916667,0.24076,0.205817333,0.196607333,0.162987333,0.176708,0.207283333,0.284806667,0.269
47,0.24219,0.207491333,0.197827333,0.164479333,0.17733,0.208939333,0.286520667,0.27096
47.083333,0.243068,0.208715333,0.198307333,0.165147333,0.17816,0.210529333,0.287328667,0.27294
47.166667,0.243716,0.209349333,0.199403333,0.165973333,0.17899,0.211905333,0.288352667,0.27121
47.25,0.244686,0.210669333,0.200501333,0.166917333,0.179824,0.213581333,0.289592667,0.27368
47.333333,0.245898,0.211809333,0.201865333,0.167551333,0.18045,0.214455333,0.290298667,0.27616
47.416667,0.246364,0.212453333,0.202527333,0.168267333,0.181916,0.215701333,0.291330667,0.27716
47.5,0.246876,0.213371333,0.203631333,0.169739333,0.182754,0.217097333,0.293076667,0.28168
47.583333,0.248282,0.214843333,0.204519333,0.171053333,0.183804,0.218347333,0.294774667,0.28244
47.666667,0.249734,0.215257333,0.205587333,0.172207333,0.184644,0.219159333,0.296364667,0.28396
47.75,0.250632,0.216271333,0.206659333,0.173445333,0.185696,0.220785333,0.297738667,0.28447
47.833333,0.251384,0.216917333,0.207817333,0.174207333,0.18612,0.221749333,0.299116667,0.28574
47.916667,0.252134,0.217797333,0.208977333,0.174489333,0.187178,0.223245333,0.299612667,0.28676
48,0.252418,0.218635333,0.210235333,0.175377333,0.188242,0.224287333,0.300446667,0.28829
48.083333,0.253226,0.219653333,0.210863333,0.176305333,0.189306,0.225559333,0.301392667,0.28906
48.166667,0.254132,0.220775333,0.211585333,0.176829333,0.190372,0.226611333,0.302450667,0.29138
48.25,0.255414,0.221427333,0.212441333,0.178291333,0.191442,0.227815333,0.303288667,0.28932
48.333333,0.256934,0.222459333,0.212847333,0.179671333,0.192512,0.229029333,0.304912667,0.29189
48.416667,0.258078,0.222929333,0.213347333,0.180363333,0.193372,0.231001333,0.306150667,0.29371
48.5,0.259182,0.224055333,0.214483333,0.181585333,0.194232,0.232981333,0.307674667,0.29527
48.583333,0.259614,0.224715333,0.215119333,0.183343333,0.195094,0.235121333,0.308974667,0.29893
48.666667,0.260528,0.225891333,0.216259333,0.184167333,0.195958,0.237033333,0.310104667,0.29893
48.75,0.261978,0.226887333,0.217809333,0.185237333,0.196824,0.238421333,0.311354667,0.2984
48.833333,0.263284,0.227785333,0.218909333,0.186307333,0.19813,0.239733333,0.312956667,0.30262
48.916667,0.264206,0.229693333,0.219827333,0.187259333,0.199436,0.241133333,0.314448667,0.30394
49,0.26591,0.231269333,0.221021333,0.188131333,0.200966,0.242303333,0.315594667,0.30714
49.083333,0.267472,0.232175333,0.222081333,0.189255333,0.202278,0.244101333,0.317142667,0.30581
49.166667,0.268552,0.233763333,0.223147333,0.189921333,0.203594,0.245589333,0.318354667,0.30714
49.25,0.26978,0.235201333,0.224119333,0.191087333,0.204476,0.247239333,0.319516667,0.30956
49.333333,0.271258,0.235685333,0.224953333,0.191921333,0.205358,0.248341333,0.320624667,0.31091
49.416667,0.272248,0.236363333,0.226399333,0.192971333,0.206022,0.249527333,0.321844667,0.31199
49.5,0.273238,0.238299333,0.227757333,0.193645333,0.206908,0.250479333,0.323538667,0.31389
49.583333,0.27403,0.238591333,0.228835333,0.194991333,0.207798,0.251833333,0.325358667,0.31361
49.666667,0.275124,0.239611333,0.230483333,0.196259333,0.20869,0.253515333,0.326772667,0.31716
49.75,0.276022,0.240687333,0.231609333,0.197017333,0.21003,0.254955333,0.327418667,0.32073
49.833333,0.277172,0.241911333,0.232793333,0.197865333,0.211148,0.256803333,0.329190667,0.32046
49.916667,0.278124,0.242699333,0.233457333,0.198969333,0.21227,0.258495333,0.330558667,0.32129
50,0.279228,0.243777333,0.234167333,0.199991333,0.213394,0.259707333,0.331392667,0.32046
50.083333,0.280388,0.244811333,0.234691333,0.201103333,0.21452,0.260929333,0.332770667,0.3235
50.166667,0.28155,0.245749333,0.235927333,0.202855333,0.215424,0.262805333,0.334020667,0.32462
50.25,0.282716,0.246841333,0.236309333,0.203927333,0.216784,0.263457333,0.334860667,0.32685
50.333333,0.28378,0.247337333,0.237265333,0.205089333,0.21769,0.265019333,0.335886667,0.3291
50.416667,0.285254,0.248631333,0.238557333,0.206125333,0.218828,0.266581333,0.337094667,0.33192
50.5,0.286634,0.249877333,0.239615333,0.206949333,0.21974,0.268489333,0.337822667,0.33107
50.583333,0.287658,0.251227333,0.240627333,0.208035333,0.220886,0.269649333,0.339518667,0.3322
50.666667,0.288274,0.252129333,0.242367333,0.209471333,0.221576,0.271805333,0.340732667,0.33476
50.75,0.289506,0.253683333,0.243771333,0.210605333,0.222724,0.273141333,0.342138667,0.33648
50.833333,0.29028,0.254843333,0.244839333,0.211609333,0.223646,0.274813333,0.343670667,0.33619
50.916667,0.291212,0.256261333,0.246107333,0.213145333,0.2248,0.276165333,0.344836667,0.33935
51,0.291986,0.256971333,0.247473333,0.213935333,0.225726,0.277513333,0.345942667,0.34137
51.083333,0.293228,0.258037333,0.248357333,0.214907333,0.226652,0.279037333,0.347234667,0.34166
51.166667,0.294164,0.259105333,0.249687333,0.216279333,0.22805,0.280565333,0.348352667,0.34515
51.25,0.295362,0.259869333,0.250819333,0.217607333,0.22898,0.282273333,0.349596667,0.34632
51.333333,0.296464,0.261257333,0.251657333,0.218409333,0.230148,0.283733333,0.351152667,0.34603
51.416667,0.29809,0.262279333,0.252497333,0.219743333,0.23132,0.285533333,0.353030667,0.3472
51.5,0.299512,0.263825333,0.252893333,0.220635333,0.232728,0.286823333,0.354470667,0.35044
51.583333,0.300828,0.265167333,0.253791333,0.221397333,0.233672,0.288641333,0.355790667,0.35222
51.666667,0.30199,0.266561333,0.255339333,0.222383333,0.235088,0.289245333,0.357436667,0.3552
51.75,0.30332,0.266925333,0.256437333,0.223643333,0.236274,0.290289333,0.358894667,0.35579
51.833333,0.304544,0.268275333,0.257891333,0.224997333,0.237462,0.291773333,0.359656667,0.3582
51.916667,0.305502,0.269059333,0.259593333,0.226261333,0.238894,0.293435333,0.361568667,0.36152
52,0.307054,0.270159333,0.260905333,0.227577333,0.240088,0.294491333,0.363104667,0.3597
52.083333,0.308502,0.271523333,0.261663333,0.228895333,0.241046,0.296333333,0.363874667,0.36152
52.166667,0.309362,0.272361333,0.263335333,0.230083333,0.242004,0.297569333,0.365098667,0.36243
52.25,0.310606,0.273837333,0.264505333,0.230815333,0.242966,0.299169333,0.366904667,0.36517
52.333333,0.312012,0.274839333,0.265421333,0.231777333,0.243934,0.300415333,0.367878667,0.36701
52.416667,0.3131,0.276059333,0.266035333,0.232833333,0.245146,0.302023333,0.368916667,0.36517
52.5,0.314518,0.276855333,0.267523333,0.233939333,0.246358,0.304177333,0.370610667,0.36948
52.583333,0.316048,0.278285333,0.268191333,0.235235333,0.247574,0.306065333,0.372114667,0.37227
52.666667,0.317308,0.279085333,0.269273333,0.236389333,0.249038,0.307513333,0.373826667,0.3757
52.75,0.318848,0.280045333,0.270455333,0.237873333,0.250016,0.309325333,0.375206667,0.37758
52.833333,0.32006,0.280687333,0.271693333,0.239461333,0.25075,0.310781333,0.376988667,0.37601
52.916667,0.321782,0.282031333,0.272523333,0.240769333,0.251978,0.312155333,0.378984667,0.38011
53,0.323058,0.283215333,0.273927333,0.241473333,0.252962,0.313161333,0.380580667,0.38042
53.083333,0.324058,0.284187333,0.274865333,0.243069333,0.253704,0.315005333,0.381314667,0.37979
53.166667,0.325174,0.285811333,0.276013333,0.243679333,0.254944,0.316483333,0.382852667,0.38456
53.25,0.326402,0.287113333,0.277217333,0.243821333,0.256184,0.318055333,0.384398667,0.38616
53.333333,0.326794,0.288425333,0.278639333,0.244721333,0.25743,0.319075333,0.385480667,0.38971
53.416667,0.328316,0.290011333,0.280013333,0.245525333,0.25918,0.321215333,0.387382667,0.38874
53.5,0.329894,0.291377333,0.281601333,0.246287333,0.260682,0.322341333,0.389006667,0.39068
53.583333,0.330798,0.292977333,0.283351333,0.247569333,0.261938,0.323465333,0.390846667,0.39263
53.666667,0.33279,0.294353333,0.284947333,0.249669333,0.263194,0.325355333,0.392560667,0.39557
53.75,0.334326,0.295181333,0.286553333,0.250625333,0.264204,0.326959333,0.393796667,0.39689
53.833333,0.335356,0.296069333,0.288003333,0.252061333,0.26471,0.328191333,0.394348667,0.39623
53.916667,0.336732,0.297571333,0.288591333,0.253215333,0.26547,0.329523333,0.396280667,0.39788
54,0.33851,0.298299333,0.289451333,0.254857333,0.266746,0.331429333,0.397808667,0.40085
54.083333,0.339262,0.299755333,0.290423333,0.255293333,0.268022,0.332003333,0.398712667,0.40252
54.166667,0.340764,0.301211333,0.291293333,0.256749333,0.269302,0.333151333,0.400386667,0.40385
54.25,0.342566,0.302843333,0.292493333,0.258259333,0.270582,0.334791333,0.401920667,0.40553
54.333333,0.343672,0.304027333,0.294451333,0.259331333,0.272124,0.336533333,0.403542667,0.40957
54.416667,0.344896,0.305157333,0.296199333,0.259967333,0.273158,0.337991333,0.404884667,0.40924
54.5,0.346478,0.306121333,0.297843333,0.261487333,0.274452,0.339445333,0.406722667,0.41332
54.583333,0.347772,0.307429333,0.299329333,0.262669333,0.27575,0.341395333,0.407572667,0.41161
54.666667,0.348244,0.308057333,0.300323333,0.263707333,0.27731,0.343067333,0.409420667,0.41847
54.75,0.350076,0.309549333,0.301485333,0.264991333,0.278616,0.344249333,0.410420667,0.41882
54.833333,0.351678,0.311215333,0.302651333,0.266877333,0.279662,0.345633333,0.411712667,0.41882
54.916667,0.35251,0.312713333,0.304269333,0.268071333,0.280448,0.347909333,0.413370667,0.4202
55,0.353942,0.314101333,0.305105333,0.269067333,0.281766,0.349501333,0.415312667,0.42404
55.083333,0.355974,0.315253333,0.306561333,0.270571333,0.283088,0.350801333,0.416834667,0.42334
55.166667,0.357422,0.316241333,0.308249333,0.271873333,0.284414,0.352301333,0.418506667,0.42474
55.25,0.35881,0.317349333,0.309717333,0.272681333,0.28574,0.354521333,0.420110667,0.4265
55.333333,0.360924,0.318283333,0.310853333,0.273791333,0.287872,0.355733333,0.421210667,0.42897
55.416667,0.362688,0.319221333,0.312153333,0.274699333,0.28921,0.356743333,0.422900667,0.43289
55.5,0.363662,0.321273333,0.313577333,0.275871333,0.290012,0.358267333,0.424374667,0.43146
55.583333,0.36464,0.322807333,0.315239333,0.276887333,0.29136,0.359691333,0.426528667,0.43539
55.666667,0.365988,0.324227333,0.316615333,0.277547333,0.29298,0.360307333,0.428162667,0.43828
55.75,0.367406,0.326065333,0.317591333,0.278619333,0.293794,0.361639333,0.430100667,0.44082
55.833333,0.36858,0.327669333,0.319549333,0.279895333,0.295154,0.363799333,0.432278667,0.44119
55.916667,0.370622,0.329045333,0.321581333,0.280875333,0.297058,0.365143333,0.434462667,0.44558
56,0.372548,0.330305333,0.322807333,0.282369333,0.298426,0.366695333,0.436056667,0.44595
56.083333,0.374612,0.331387333,0.324557333,0.284331333,0.299798,0.368461333,0.437952667,0.44742
56.166667,0.376182,0.332533333,0.325777333,0.285731333,0.301446,0.370235333,0.439858667,0.44669
56.25,0.37769,0.333681333,0.327541333,0.287131333,0.302548,0.371495333,0.441314667,0.45076
56.333333,0.378888,0.334957333,0.328249333,0.288225333,0.303934,0.373071333,0.442156667,0.45002
56.416667,0.380538,0.335867333,0.329729333,0.289799333,0.305324,0.374971333,0.443546667,0.45639
56.5,0.381812,0.337577333,0.331217333,0.291061333,0.306718,0.376455333,0.445250667,0.45488
56.583333,0.38283,0.338863333,0.333653333,0.292429333,0.308118,0.378265333,0.446884667,0.4579
56.666667,0.384494,0.340891333,0.334909333,0.293957333,0.309518,0.380403333,0.448602667,0.45942
56.75,0.38655,0.342311333,0.336705333,0.295121333,0.310642,0.382443333,0.450864667,0.46554
56.833333,0.388166,0.344037333,0.338273333,0.296239333,0.312054,0.383843333,0.452356667,0.46362
56.916667,0.38933,0.345529333,0.339663333,0.297573333,0.31347,0.385459333,0.453934667,0.46863
57,0.391338,0.347147333,0.341243333,0.298373333,0.314604,0.386871333,0.455200667,0.46863
57.083333,0.393098,0.348275333,0.343009333,0.299875333,0.316024,0.387633333,0.456794667,0.47175
57.166667,0.393948,0.349781333,0.344473333,0.301053333,0.31745,0.389277333,0.458956667,0.47253
57.25,0.394866,0.351543333,0.345635333,0.302351333,0.318886,0.390919333,0.460070667,0.4741
57.333333,0.396442,0.352489333,0.347607333,0.303705333,0.320038,0.392679333,0.462002667,0.47805
57.416667,0.397764,0.354009333,0.348781333,0.305217333,0.32148,0.394335333,0.464016667,0.47964
57.5,0.39896,0.355791333,0.350459333,0.306143333,0.322926,0.396549333,0.465966667,0.48203
57.583333,0.401356,0.357261333,0.352137333,0.307613333,0.324376,0.397551333,0.467026667,0.48323
57.666667,0.403022,0.358993333,0.353755333,0.308543333,0.325542,0.399337333,0.469714667,0.48484
57.75,0.404558,0.360399333,0.354949333,0.309643333,0.326708,0.400793333,0.471440667,0.48565
57.833333,0.406306,0.361947333,0.356581333,0.311183333,0.328172,0.402709333,0.472922667,0.4897
57.916667,0.408334,0.363049333,0.357527333,0.312895333,0.329642,0.403837333,0.473996667,0.49175
58,0.409626,0.364215333,0.359365333,0.314389333,0.331116,0.405761333,0.475902667,0.49503
58.083333,0.41146,0.364735333,0.361271333,0.316167333,0.332,0.406781333,0.476900667,0.4971
58.166667,0.413508,0.366953333,0.362481333,0.316889333,0.333778,0.407919333,0.478492667,0.50168
58.25,0.415014,0.368395333,0.364209333,0.318117333,0.334668,0.408837333,0.479912667,0.50378
58.333333,0.41667,0.369509333,0.366651333,0.318565333,0.335862,0.410905333,0.481508667,0.50716
58.416667,0.417982,0.371489333,0.367875333,0.319633333,0.33706,0.412289333,0.483458667,0.50631
58.5,0.419926,0.374003333,0.369363333,0.320821333,0.338856,0.414369333,0.485576667,0.50929
58.583333,0.421388,0.375135333,0.371439333,0.322911333,0.340366,0.416219333,0.487630667,0.51142
58.666667,0.423628,0.376469333,0.373201333,0.324273333,0.342482,0.417729333,0.489852667,0.51228
58.75,0.42546,0.378001333,0.373987333,0.326373333,0.344304,0.419017333,0.491996667,0.5153
58.833333,0.427928,0.379347333,0.375759333,0.327855333,0.346442,0.420659333,0.493380667,0.51616
58.916667,0.428846,0.380633333,0.377741333,0.329115333,0.348588,0.422549333,0.495640667,0.51964
59,0.430978,0.382187333,0.379867333,0.330905333,0.350436,0.424559333,0.497478667,0.51964
59.083333,0.432336,0.383677333,0.381331333,0.332287333,0.351978,0.426455333,0.499668667,0.52139
59.166667,0.433266,0.385373333,0.383127333,0.333851333,0.353214,0.428123333,0.500982667,0.52314
59.25,0.43449,0.387015333,0.385209333,0.335417333,0.35446,0.429557333,0.502652667,0.52491
59.333333,0.436864,0.388457333,0.386897333,0.337049333,0.35571,0.431247333,0.503892667,0.52668
59.416667,0.438024,0.389623333,0.387709333,0.338105333,0.356964,0.432817333,0.505680667,0.52801
59.5,0.439404,0.391489333,0.389333333,0.339745333,0.358536,0.435123333,0.507382667,0.5298
59.583333,0.441738,0.392869333,0.391371333,0.341101333,0.360424,0.437317333,0.509614667,0.53114
59.666667,0.443424,0.394193333,0.393015333,0.342933333,0.362006,0.439021333,0.512230667,0.53293
59.75,0.44549,0.395943333,0.394457333,0.344477333,0.363274,0.440125333,0.514308667,0.53564
59.833333,0.447406,0.398467333,0.396797333,0.345307333,0.364868,0.441351333,0.516316667,0.5361
59.916667,0.449554,0.399803333,0.398383333,0.346799333,0.366466,0.442715333,0.518888667,0.53564
60,0.45082,0.401633333,0.400613333,0.348419333,0.368072,0.443333333,0.521740667,0.53882
60.083333,0.453296,0.403763333,0.402009333,0.349321333,0.369684,0.445069333,0.523124667,0.5402
60.166667,0.4545,0.404971333,0.403687333,0.350589333,0.371622,0.447065333,0.524878667,0.54341
60.25,0.456308,0.405973333,0.405305333,0.352823333,0.37292,0.449191333,0.526842667,0.54387
60.333333,0.458512,0.407765333,0.407561333,0.354219333,0.37455,0.450323333,0.528156667,0.54526
60.416667,0.460562,0.409705333,0.409703333,0.355131333,0.376186,0.452845333,0.528718667,0.54526
60.5,0.461712,0.411083333,0.411839333,0.356531333,0.377828,0.454491333,0.530788667,0.54898
60.583333,0.464168,0.413335333,0.413911333,0.357509333,0.379476,0.456535333,0.532866667,0.55226
60.666667,0.466248,0.415373333,0.415635333,0.358741333,0.381456,0.457811333,0.534390667,0.55132
60.75,0.467564,0.416833333,0.417513333,0.360285333,0.383118,0.460121333,0.536206667,0.55415
60.833333,0.46927,0.418521333,0.418679333,0.362265333,0.384786,0.461931333,0.538398667,0.55415
60.916667,0.471458,0.419623333,0.420943333,0.363815333,0.386458,0.463869333,0.540518667,0.55652
61,0.472556,0.420807333,0.423067333,0.365867333,0.388138,0.466493333,0.542060667,0.55747
61.083333,0.47421,0.422293333,0.425345333,0.367433333,0.389826,0.469767333,0.543222667,0.56033
61.166667,0.476026,0.424227333,0.426891333,0.368749333,0.391518,0.472541333,0.544390667,0.56081
61.25,0.477288,0.425421333,0.428817333,0.370137333,0.392874,0.475597333,0.546440667,0.5637
61.333333,0.478402,0.427593333,0.430009333,0.371967333,0.394582,0.478925333,0.547520667,0.56467
61.416667,0.480802,0.429097333,0.431805333,0.373107333,0.396294,0.480267333,0.548992667,0.5671
61.5,0.48273,0.429927333,0.433457333,0.374379333,0.398014,0.482019333,0.551164667,0.56515
61.583333,0.484666,0.432137333,0.435487333,0.375717333,0.399742,0.483783333,0.553346667,0.56905
61.666667,0.487658,0.434189333,0.437229333,0.377191333,0.40182,0.484873333,0.554742667,0.57003
61.75,0.489932,0.435643333,0.439277333,0.378867333,0.40356,0.486379333,0.556138667,0.56856
61.833333,0.491322,0.437251333,0.440959333,0.380933333,0.405308,0.488157333,0.557534667,0.57052
61.916667,0.493046,0.439395333,0.442877333,0.382615333,0.406708,0.489667333,0.558844667,0.57496
62,0.495276,0.439861333,0.445033333,0.384629333,0.40847,0.491747333,0.559854667,0.57496
62.083333,0.496268,0.441023333,0.447043333,0.386459333,0.410238,0.494531333,0.560762667,0.57595
62.166667,0.497426,0.443051333,0.448985333,0.387969333,0.412014,0.496769333,0.561872667,0.57545
62.25,0.499258,0.445083333,0.451093333,0.389751333,0.413438,0.499149333,0.563392667,0.58045
62.333333,0.501016,0.447203333,0.452657333,0.391401333,0.415222,0.501679333,0.564412667,0.58045
62.416667,0.502536,0.449403333,0.454549333,0.392993333,0.416658,0.502525333,0.565330667,0.58296
62.5,0.504726,0.451695333,0.456369333,0.394527333,0.4181,0.504239333,0.566658667,0.58499
62.583333,0.506836,0.452409333,0.457555333,0.396467333,0.419548,0.505523333,0.568094667,0.58499
62.666667,0.509052,0.453525333,0.458909333,0.397203333,0.421362,0.507243333,0.569332667,0.58347
62.75,0.51154,0.454725333,0.460423333,0.398613333,0.423182,0.508247333,0.570054667,0.58753
62.833333,0.512826,0.456009333,0.462193333,0.400369333,0.42464,0.510689333,0.571400667,0.58855
62.916667,0.51429,0.456975333,0.463887333,0.401247333,0.426476,0.511269333,0.572542667,0.58804
63,0.515754,0.458745333,0.466063333,0.402269333,0.42832,0.512865333,0.573478667,0.59215
63.083333,0.517674,0.460771333,0.468175333,0.404171333,0.429798,0.514325333,0.574732667,0.59318
63.166667,0.51899,0.462233333,0.470125333,0.405811333,0.431658,0.515781333,0.576404667,0.59318
63.25,0.521622,0.463617333,0.471437333,0.407189333,0.433896,0.517103333,0.577770667,0.59474
63.333333,0.524264,0.465415333,0.473081333,0.408903333,0.435772,0.519457333,0.578714667,0.59578
63.416667,0.527,0.467305333,0.474897333,0.410423333,0.437656,0.521233333,0.579978667,0.5963
63.5,0.528604,0.468379333,0.476727333,0.411531333,0.439922,0.522269333,0.580930667,0.59943
63.583333,0.53057,0.470285333,0.479229333,0.413909333,0.441824,0.524497333,0.582314667,0.59891
63.666667,0.532098,0.471943333,0.481065333,0.415307333,0.443732,0.526593333,0.583594667,0.60101
63.75,0.533906,0.473025333,0.483253333,0.417269333,0.44565,0.527947333,0.584870667,0.60312
63.833333,0.535716,0.474871333,0.485363333,0.419101333,0.447188,0.529455333,0.586368667,0.60365
63.916667,0.537994,0.476801333,0.487401333,0.421285333,0.449122,0.531413333,0.587548667,0.60312
64,0.539452,0.478151333,0.489109333,0.422213333,0.450672,0.532473333,0.588086667,0.60365
64.083333,0.541008,0.480183333,0.491417333,0.423777333,0.452624,0.533695333,0.588194667,0.60791
64.166667,0.542482,0.482387333,0.492877333,0.425495333,0.454188,0.534305333,0.589380667,0.6063
64.25,0.54424,0.483755333,0.494601333,0.427293333,0.456148,0.535685333,0.589920667,0.60898
64.333333,0.545824,0.485383333,0.495989333,0.428951333,0.45733,0.536451333,0.591006667,0.60844
64.416667,0.548246,0.487537333,0.497819333,0.430687333,0.45931,0.538299333,0.591872667,0.60844
64.5,0.55068,0.489005333,0.499391333,0.432869333,0.460904,0.539227333,0.593612667,0.61275
64.583333,0.553224,0.490475333,0.501939333,0.434619333,0.462498,0.541861333,0.594706667,0.61167
64.666667,0.55559,0.492215333,0.503877333,0.436011333,0.4641,0.543107333,0.595580667,0.61383
64.75,0.557682,0.493699333,0.505911333,0.438221333,0.466106,0.544971333,0.596458667,0.61383
64.833333,0.559884,0.494839333,0.507331333,0.440519333,0.467722,0.546543333,0.597446667,0.61655
64.916667,0.561804,0.496421333,0.509473333,0.442755333,0.469346,0.548111333,0.598218667,0.616
65,0.56296,0.498007333,0.511093333,0.444619333,0.47138,0.548901333,0.598990667,0.61819
65.083333,0.564902,0.499605333,0.512985333,0.446485333,0.473424,0.550165333,0.600316667,0.61764
65.166667,0.56636,0.500579333,0.514793333,0.447913333,0.475064,0.551431333,0.600870667,0.61929
65.25,0.568122,0.501915333,0.516969333,0.448743333,0.477126,0.552387333,0.601866667,0.61929
65.333333,0.569886,0.503167333,0.519073333,0.449121333,0.4792,0.553661333,0.602756667,0.62038
65.416667,0.571848,0.505145333,0.520817333,0.451179333,0.480864,0.554941333,0.603760667,0.62038
65.5,0.573432,0.506407333,0.522657333,0.453397333,0.482534,0.555579333,0.604768667,0.62149
65.583333,0.576218,0.508935333,0.524129333,0.455237333,0.484626,0.557187333,0.605660667,0.62259
65.666667,0.577314,0.510841333,0.525987333,0.457695333,0.486314,0.557669333,0.606670667,0.62481
65.75,0.579014,0.512661333,0.527765333,0.460315333,0.488008,0.558801333,0.606782667,0.62592
65.833333,0.580816,0.514593333,0.529449333,0.461637333,0.489702,0.560099333,0.607232667,0.62537
65.916667,0.582328,0.515875333,0.531045333,0.462805333,0.491836,0.561391333,0.607796667,0.6276
66,0.584064,0.516981333,0.533019333,0.464685333,0.493118,0.562207333,0.608926667,0.62648
66.083333,0.586502,0.518367333,0.534531333,0.466181333,0.494838,0.564163333,0.609378667,0.6276
66.166667,0.58834,0.519755333,0.536345333,0.467759333,0.496566,0.564325333,0.610962667,0.6276
66.25,0.590492,0.520315333,0.538159333,0.469739333,0.498294,0.564983333,0.612442667,0.62984
66.333333,0.59276,0.522273333,0.539687333,0.471803333,0.50004,0.566791333,0.613354667,0.63097
66.416667,0.59432,0.523959333,0.541609333,0.473725333,0.502216,0.568113333,0.614038667,0.6321
66.5,0.5963,0.525843333,0.543833333,0.475569333,0.50397,0.569273333,0.614950667,0.63323
66.583333,0.598282,0.527733333,0.545097333,0.478153333,0.50529,0.571585333,0.615868667,0.63267
66.666667,0.600066,0.529913333,0.546853333,0.479853333,0.507054,0.572745333,0.615868667,0.63722
66.75,0.602392,0.531819333,0.549199333,0.482051333,0.508836,0.574251333,0.616444667,0.63323
66.833333,0.604196,0.533443333,0.550669333,0.483603333,0.510618,0.575087333,0.617366667,0.63665
66.916667,0.606764,0.534787333,0.552451333,0.485817333,0.51241,0.576265333,0.618288667,0.63894
67,0.609118,0.536717333,0.554633333,0.486891333,0.514654,0.577275333,0.619332667,0.63779
67.083333,0.61148,0.538757333,0.556625333,0.489293333,0.51691,0.578283333,0.620486667,0.63894
67.166667,0.612778,0.540019333,0.558729333,0.490705333,0.518728,0.578623333,0.621646667,0.64124
67.25,0.61495,0.541969333,0.561643333,0.493043333,0.520546,0.579807333,0.622460667,0.63894
67.333333,0.615932,0.544323333,0.563665333,0.494383333,0.522374,0.581173333,0.623626667,0.6424
67.416667,0.617906,0.545501333,0.565287333,0.496569333,0.524214,0.581513333,0.623392667,0.64414
67.5,0.619332,0.545697333,0.567017333,0.498351333,0.526062,0.583049333,0.624210667,0.64706
67.583333,0.621312,0.547177333,0.568243333,0.500815333,0.527452,0.584245333,0.624914667,0.64531
67.666667,0.62309,0.548769333,0.569373333,0.502871333,0.52931,0.585445333,0.625736667,0.64589
67.75,0.625654,0.550069333,0.571339333,0.505529333,0.531178,0.586483333,0.626444667,0.64706
67.833333,0.627108,0.551869333,0.573305333,0.507597333,0.533056,0.588721333,0.628090667,0.64647
67.916667,0.629464,0.554265333,0.575175333,0.509855333,0.53447,0.589933333,0.628560667,0.64706
68,0.631378,0.555973333,0.577787333,0.511419333,0.53636,0.591319333,0.629390667,0.64941
68.083333,0.633192,0.557289333,0.579461333,0.512993333,0.53826,0.592711333,0.630340667,0.64941
68.166667,0.635252,0.558817333,0.581259333,0.515197333,0.540168,0.593409333,0.630932667,0.65177
68.25,0.63777,0.560757333,0.583377333,0.517315333,0.541602,0.594639333,0.631408667,0.65177
68.333333,0.639492,0.562083333,0.585289333,0.518915333,0.54352,0.595691333,0.632716667,0.65533
68.416667,0.641684,0.563723333,0.586357333,0.520957333,0.54545,0.596569333,0.633552667,0.65473
68.5,0.643538,0.565161333,0.588601333,0.523465333,0.546902,0.597451333,0.633792667,0.65295
68.583333,0.64541,0.566923333,0.590001333,0.525269333,0.548362,0.599045333,0.634510667,0.65414
68.666667,0.647644,0.567753333,0.592063333,0.526985333,0.550314,0.599933333,0.635108667,0.65593
68.75,0.649994,0.569833333,0.593689333,0.528705333,0.552278,0.601179333,0.635468667,0.65473
68.833333,0.651762,0.571503333,0.596525333,0.530429333,0.553754,0.602603333,0.636072667,0.65712
68.916667,0.654014,0.573709333,0.598829333,0.532451333,0.555728,0.604213333,0.637034667,0.65653
69,0.655086,0.575189333,0.600915333,0.534013333,0.557714,0.605111333,0.637880667,0.65892
69.083333,0.65665,0.577407333,0.602355333,0.535855333,0.559208,0.606191333,0.638726667,0.65892
69.166667,0.65785,0.579323333,0.605021333,0.537795333,0.560206,0.607635333,0.639452667,0.66194
69.25,0.660022,0.580811333,0.606701333,0.540305333,0.561708,0.608537333,0.640302667,0.66194
69.333333,0.661844,0.582311333,0.608841333,0.542091333,0.563728,0.609081333,0.640908667,0.66194
69.416667,0.664398,0.583707333,0.611209333,0.544729333,0.565248,0.609625333,0.641638667,0.66316
69.5,0.666236,0.585435333,0.613241333,0.546993333,0.56728,0.610351333,0.642614667,0.66376
69.583333,0.668936,0.586737333,0.614719333,0.549555333,0.569828,0.610899333,0.643468667,0.66437
69.666667,0.670538,0.588909333,0.616433333,0.551751333,0.57239,0.611627333,0.644452667,0.66682
69.75,0.672272,0.589997333,0.617927333,0.553573333,0.573936,0.612725333,0.645432667,0.66498
69.833333,0.674394,0.591527333,0.619543333,0.555021333,0.576004,0.614191333,0.646046667,0.66743
69.916667,0.676654,0.592847333,0.621625333,0.557345333,0.578084,0.615293333,0.646414667,0.66804
70,0.678542,0.594279333,0.623833333,0.559689333,0.579648,0.616293333,0.647152667,0.66989
70.083333,0.681324,0.595721333,0.625935333,0.562143333,0.581222,0.617293333,0.647276667,0.66804
70.166667,0.683606,0.597829333,0.628049333,0.564701333,0.583328,0.618293333,0.648144667,0.66989
70.25,0.685524,0.599275333,0.629339333,0.566967333,0.584912,0.619293333,0.648638667,0.67174
70.333333,0.687192,0.600503333,0.630875333,0.569455333,0.586506,0.620293333,0.649132667,0.67051
70.416667,0.688864,0.602525333,0.633141333,0.571659333,0.588638,0.621293333,0.650000667,0.67236
70.5,0.690552,0.603877333,0.634571333,0.573569333,0.590242,0.621957433,0.650870667,0.67051
70.583333,0.69237,0.605347333,0.636129333,0.575793333,0.591856,0.628609933,0.650994667,0.67423
70.666667,0.693936,0.607273333,0.638647333,0.578121333,0.59347,0.629704733,0.652242667,0.67361
70.75,0.69617,0.609089333,0.640697333,0.580683333,0.595094,0.630325733,0.652616667,0.67485
70.833333,0.69854,0.610005333,0.641547333,0.582839333,0.596728,0.6309194,0.653242667,0.6761
70.916667,0.700796,0.611609333,0.643491333,0.585107333,0.598362,0.634332733,0.653994667,0.67736
71,0.70319,0.613223333,0.645201333,0.587285333,0.600006,0.636130733,0.654996667,0.67548
71.083333,0.70559,0.615193333,0.646921333,0.589675333,0.602204,0.636882733,0.655374667,0.67485
71.166667,0.70693,0.617283333,0.649019333,0.591145333,0.604418,0.637786733,0.657388667,0.67673
71.25,0.70841,0.619611333,0.651619333,0.593145333,0.605524,0.638992733,0.658146667,0.67924
71.333333,0.709764,0.621599333,0.653859333,0.595471333,0.607752,0.640050733,0.658652667,0.68177
71.416667,0.711398,0.623241333,0.656491333,0.597061333,0.609428,0.640656733,0.659668667,0.68114
71.5,0.713314,0.624303333,0.658881333,0.599087333,0.611116,0.642642733,0.660302667,0.67924
71.583333,0.71564,0.625965333,0.660395333,0.601121333,0.612244,0.644168733,0.660684667,0.67987
71.666667,0.718118,0.627633333,0.662173333,0.603495333,0.6145,0.644930733,0.661194667,0.68177
71.75,0.720332,0.629305333,0.663955333,0.606329333,0.616208,0.646310733,0.662214667,0.68368
71.833333,0.722278,0.630981333,0.665883333,0.609047333,0.617916,0.648158733,0.662340667,0.68431
71.916667,0.723812,0.633143333,0.668079333,0.611123333,0.619636,0.647850733,0.664140667,0.68304
72,0.72592,0.634471333,0.670659333,0.613873333,0.621356,0.648624733,0.664654667,0.68241
72.083333,0.727754,0.636417333,0.672343333,0.616427333,0.623088,0.650014733,0.665550667,0.68495
72.166667,0.72988,0.637511333,0.674033333,0.617431333,0.624832,0.651260733,0.666066667,0.68816
72.25,0.732448,0.638849333,0.675343333,0.619439333,0.626576,0.651886733,0.667094667,0.68623
72.333333,0.73473,0.640197333,0.677193333,0.621677333,0.62833,0.653440733,0.667354667,0.68945
72.416667,0.736018,0.642415333,0.678781333,0.623257333,0.630084,0.654850733,0.668130667,0.6888
72.5,0.737456,0.643655333,0.681303333,0.624619333,0.631258,0.656740733,0.669428667,0.6888
72.583333,0.739344,0.645381333,0.683697333,0.627235333,0.632438,0.657844733,0.669946667,0.69074
72.666667,0.74095,0.647241333,0.685431333,0.629525333,0.634816,0.659266733,0.670596667,0.69139
72.75,0.74285,0.648989333,0.687459333,0.631591333,0.636606,0.661008733,0.670856667,0.69009
72.833333,0.745786,0.649993333,0.689757333,0.634249333,0.639002,0.661642733,0.671900667,0.69269
72.916667,0.749036,0.651503333,0.692077333,0.637395333,0.641398,0.661960733,0.672032667,0.69139
73,0.751264,0.653267333,0.694263333,0.639263333,0.643202,0.662918733,0.672944667,0.69204
73.083333,0.753204,0.655041333,0.697417333,0.641613333,0.644418,0.664526733,0.673860667,0.69595
73.166667,0.75621,0.656695333,0.698797333,0.644205333,0.646248,0.665814733,0.674648667,0.69595
73.25,0.757714,0.658609333,0.701157333,0.646585333,0.647472,0.668070733,0.674780667,0.69529
73.333333,0.758928,0.660017333,0.702833333,0.648263333,0.649314,0.670498733,0.675834667,0.69204
73.416667,0.761062,0.661685333,0.704649333,0.650777333,0.651156,0.672446733,0.676626667,0.6966
73.5,0.76289,0.663233333,0.705915333,0.652341333,0.65301,0.672936733,0.677818667,0.69858
73.583333,0.764278,0.664397333,0.708167333,0.655137333,0.654878,0.673262733,0.678478667,0.69595
73.666667,0.7669,0.665829333,0.709729333,0.657089333,0.656746,0.673752733,0.679804667,0.6999
73.75,0.768906,0.667787333,0.711869333,0.659541333,0.658628,0.674578733,0.679936667,0.69924
73.833333,0.771094,0.669357333,0.714013333,0.662007333,0.66051,0.675072733,0.680200667,0.69924
73.916667,0.773436,0.671067333,0.715729333,0.665093333,0.662406,0.676554733,0.680066667,0.70122
74,0.77548,0.672777333,0.717457333,0.666715333,0.664314,0.678698733,0.680466667,0.70255
74.083333,0.777538,0.674233333,0.719195333,0.668711333,0.666222,0.679690733,0.680600667,0.70188
74.166667,0.779594,0.675563333,0.720799333,0.670219333,0.667498,0.680522733,0.681134667,0.70321
74.25,0.781352,0.676625333,0.722851333,0.672241333,0.66942,0.681686733,0.682204667,0.70455
74.333333,0.783432,0.677559333,0.725941333,0.674663333,0.671358,0.682184733,0.683142667,0.70255
74.416667,0.785524,0.679303333,0.728003333,0.676443333,0.672004,0.682352733,0.683544667,0.70388
74.5,0.787468,0.680783333,0.730075333,0.679267333,0.673956,0.683522733,0.684486667,0.70455
74.583333,0.789736,0.683093333,0.732615333,0.682229333,0.675908,0.685042733,0.685156667,0.70455
74.666667,0.79153,0.685121333,0.734563333,0.684301333,0.677214,0.686902733,0.685560667,0.70522
74.75,0.793002,0.687849333,0.736225333,0.685867333,0.67853,0.688760733,0.686508667,0.70589
74.833333,0.794814,0.690183333,0.738641333,0.688477333,0.681162,0.689940733,0.687722667,0.7079
74.916667,0.796302,0.692381333,0.741689333,0.690321333,0.682488,0.691468733,0.688674667,0.70589
75,0.798632,0.693349333,0.742757333,0.692307333,0.683814,0.692496733,0.689214667,0.70858
75.083333,0.800802,0.695147333,0.744905333,0.694697333,0.685812,0.693012733,0.690438667,0.70656
75.166667,0.80365,0.696543333,0.746601333,0.697505333,0.687148,0.693698733,0.690574667,0.70993
75.25,0.80567,0.697947333,0.748773333,0.699513333,0.688496,0.695758733,0.690846667,0.70723
75.333333,0.80838,0.700203333,0.750023333,0.701671333,0.690524,0.696274733,0.690846667,0.71128
75.416667,0.810602,0.701749333,0.752671333,0.703295333,0.692552,0.696966733,0.691938667,0.71196
75.5,0.813,0.703869333,0.754875333,0.705753333,0.693908,0.697482733,0.691938667,0.71128
75.583333,0.814894,0.705575333,0.757403333,0.707955333,0.695952,0.698172733,0.693036667,0.7106
75.666667,0.817136,0.707433333,0.759149333,0.710429333,0.69732,0.699220733,0.693446667,0.714
75.75,0.818872,0.708875333,0.761541333,0.712643333,0.6987,0.700610733,0.694270667,0.71469
75.833333,0.820972,0.710447333,0.763623333,0.715419333,0.70008,0.701834733,0.694408667,0.714
75.916667,0.823438,0.711455333,0.765231333,0.717807333,0.70146,0.703582733,0.695372667,0.71469
76,0.82573,0.713343333,0.766685333,0.719925333,0.702152,0.704980733,0.695510667,0.71469
76.083333,0.827496,0.715391333,0.769287333,0.721757333,0.703542,0.705510733,0.696336667,0.71332
76.166667,0.829448,0.716707333,0.770755333,0.723741333,0.70424,0.706390733,0.696752667,0.71606
76.25,0.83124,0.718751333,0.773055333,0.725883333,0.70564,0.707632733,0.697718667,0.71743
76.333333,0.833046,0.720505333,0.775525333,0.727899333,0.70704,0.708342733,0.698136667,0.71881
76.416667,0.835036,0.721983333,0.777837333,0.729629333,0.70915,0.710122733,0.698830667,0.71743
76.5,0.83757,0.723929333,0.779505333,0.732377333,0.710562,0.711010733,0.699944667,0.71812
76.583333,0.839936,0.725567333,0.781671333,0.734701333,0.711974,0.712256733,0.700500667,0.72019
76.666667,0.84195,0.727661333,0.783861333,0.736451333,0.713398,0.712794733,0.701058667,0.71881
76.75,0.843982,0.730057333,0.785889333,0.738069333,0.714822,0.713508733,0.701196667,0.72089
76.833333,0.846392,0.731563333,0.788437333,0.740583333,0.715536,0.713868733,0.701476667,0.71743
76.916667,0.848436,0.732475333,0.791173333,0.743421333,0.716972,0.714948733,0.701336667,0.7195
77,0.850488,0.734143333,0.793915333,0.746263333,0.718408,0.716396733,0.702320667,0.72367
77.083333,0.852548,0.735669333,0.795813333,0.749571333,0.71913,0.716938733,0.703022667,0.72158
77.166667,0.855202,0.737667333,0.798065333,0.751981333,0.719852,0.718568733,0.704286667,0.72019
77.25,0.857102,0.740131333,0.800157333,0.754107333,0.720574,0.719658733,0.705554667,0.72367
77.333333,0.859388,0.741829333,0.802267333,0.755639333,0.720574,0.720020733,0.706538667,0.72228
77.416667,0.861684,0.744317333,0.804381333,0.757175333,0.7213,0.720570733,0.706820667,0.72577
77.5,0.864186,0.746975333,0.806677333,0.758409333,0.722026,0.721846733,0.707670667,0.72507
77.583333,0.866134,0.748859333,0.808989333,0.761359333,0.723484,0.722766733,0.708096667,0.72577
77.666667,0.868668,0.749801333,0.810953333,0.763855333,0.724942,0.723502733,0.707954667,0.72507
77.75,0.871412,0.751853333,0.812933333,0.766365333,0.7264,0.725152733,0.708664667,0.72718
77.833333,0.87437,0.753765333,0.815465333,0.769357333,0.727872,0.726074733,0.709232667,0.72718
77.916667,0.877348,0.755691333,0.818379333,0.772039333,0.729344,0.727368733,0.709660667,0.72647
78,0.879542,0.757455333,0.820939333,0.773793333,0.730084,0.728296733,0.710374667,0.72718
78.083333,0.88195,0.760509333,0.823691333,0.775713333,0.73157,0.729408733,0.711228667,0.72929
78.166667,0.88417,0.761957333,0.825717333,0.777969333,0.733056,0.731092733,0.711802667,0.72929
78.25,0.8862,0.763583333,0.827761333,0.780571333,0.733802,0.732402733,0.712376667,0.73
78.333333,0.88742,0.765223333,0.829633333,0.783173333,0.734548,0.733906733,0.713096667,0.72788
78.416667,0.889878,0.767025333,0.830753333,0.785459333,0.735294,0.734846733,0.713816667,0.72788
78.5,0.891522,0.768345333,0.832257333,0.787587333,0.736804,0.736354733,0.714536667,0.72929
78.583333,0.8938,0.771655333,0.835291333,0.789569333,0.738314,0.736922733,0.714968667,0.73
78.666667,0.896088,0.772481333,0.837385333,0.791575333,0.739066,0.738250733,0.715688667,0.73356
78.75,0.899218,0.773983333,0.838721333,0.793919333,0.739818,0.738822733,0.715976667,0.73213
78.833333,0.901322,0.775317333,0.841589333,0.796437333,0.741328,0.739772733,0.716266667,0.73284
78.916667,0.903632,0.777163333,0.844481333,0.799131333,0.741328,0.740154733,0.716410667,0.73356
79,0.90554,0.777671333,0.846631333,0.802537333,0.741328,0.740918733,0.716988667,0.73356
79.083333,0.907244,0.780707333,0.848579333,0.804935333,0.742086,0.741880733,0.717570667,0.73571
79.166667,0.909176,0.782235333,0.851509333,0.806995333,0.742844,0.742646733,0.718298667,0.73499
79.25,0.911114,0.784791333,0.854877333,0.809413333,0.74361,0.743606733,0.718734667,0.73356
79.333333,0.913706,0.786503333,0.856661333,0.811313333,0.745148,0.744758733,0.719460667,0.73714
79.416667,0.91654,0.788043333,0.858259333,0.812891333,0.746686,0.745722733,0.720044667,0.73499
79.5,0.919602,0.789777333,0.861265333,0.815179333,0.748224,0.745336733,0.720336667,0.73642
79.583333,0.922248,0.792033333,0.864095333,0.818003333,0.749762,0.746694733,0.721362667,0.73714
79.666667,0.924452,0.794135333,0.865521333,0.820309333,0.750534,0.747664733,0.722534667,0.73931
79.75,0.926674,0.796415333,0.868161333,0.822971333,0.751312,0.748442733,0.723118667,0.73714
79.833333,0.929376,0.799759333,0.871237333,0.824577333,0.75209,0.749220733,0.723118667,0.73714
79.916667,0.931862,0.802065333,0.873509333,0.826561333,0.752868,0.750384733,0.723704667,0.73714
80,0.93459,0.804201333,0.875797333,0.828927333,0.753646,0.751172733,0.723704667,0.73714
80.083333,0.937774,0.806537333,0.878507333,0.831297333,0.754424,0.751562733,0.724000667,0.73931
80.166667,0.940518,0.808877333,0.881019333,0.833857333,0.754424,0.752150733,0.725182667,0.74076
80.25,0.942366,0.810507333,0.883133333,0.836603333,0.75521,0.752740733,0.726804667,0.73931
80.333333,0.944924,0.812509333,0.885037333,0.838635333,0.755996,0.754914733,0.727692667,0.74003
80.416667,0.947266,0.815441333,0.886955333,0.840499333,0.756782,0.754914733,0.728286667,0.74149
80.5,0.949614,0.817281333,0.889317333,0.842557333,0.757568,0.756298733,0.728138667,0.74222
80.583333,0.951968,0.819311333,0.891905333,0.844815333,0.759148,0.756888733,0.728436667,0.74076
80.666667,0.954334,0.820787333,0.894731333,0.846887333,0.759148,0.758278733,0.727990667,0.74294
80.75,0.95697,0.822271333,0.897557333,0.849735333,0.759942,0.757680733,0.727250667,0.74441
80.833333,0.958646,0.823965333,0.900183333,0.852609333,0.760736,0.758672733,0.727698667,0.74441
80.916667,0.961304,0.826035333,0.902611333,0.854521333,0.76233,0.759072733,0.728740667,0.74587
81,0.963968,0.828499333,0.904827333,0.857033333,0.76313,0.759868733,0.729188667,0.74587
81.083333,0.967144,0.831719333,0.907293333,0.860135333,0.764724,0.760268733,0.730082667,0.74514
81.166667,0.969362,0.833995333,0.910215333,0.862483333,0.765524,0.762074733,0.731568667,0.74514
81.25,0.972316,0.835335333,0.912465333,0.864451333,0.766324,0.763482733,0.732168667,0.74661
81.333333,0.9743,0.836873333,0.914505333,0.867203333,0.767132,0.764894733,0.732620667,0.74735
81.416667,0.97705,0.839013333,0.917471333,0.869587333,0.76794,0.766914733,0.733222667,0.74808
81.5,0.97932,0.841163333,0.919309333,0.871583333,0.768748,0.768950733,0.733824667,0.74956
81.583333,0.98211,0.844095333,0.921391333,0.873995333,0.769556,0.769766733,0.733824667,0.74808
81.666667,0.984136,0.846643333,0.924643333,0.876011333,0.77118,0.769766733,0.733974667,0.74882
81.75,0.986942,0.849601333,0.927673333,0.878235333,0.771996,0.770378733,0.734426667,0.74956
81.833333,0.98952,0.851593333,0.930027333,0.881103333,0.772812,0.770788733,0.734730667,0.74956
81.916667,0.99185,0.854205333,0.933101333,0.883979333,0.772812,0.770172733,0.735336667,0.75031
82,0.993936,0.855809333,0.935715333,0.886251333,0.773628,0.770790733,0.736698667,0.74882
82.083333,0.9976,0.857819333,0.938847333,0.888523333,0.773628,0.772430733,0.737304667,0.74956
82.166667,1.00077,0.860053333,0.941743333,0.891229333,0.773628,0.773254733,0.737304667,0.75031
82.25,1.002888,0.862093333,0.944163333,0.893125333,0.773628,0.774494733,0.737608667,0.75179
82.333333,1.005824,0.863325333,0.946109333,0.895667333,0.774444,0.775316733,0.737760667,0.75329
82.416667,1.008506,0.866627333,0.949305333,0.897571333,0.775268,0.775936733,0.737912667,0.75329
82.5,1.010944,0.869523333,0.951543333,0.900335333,0.775268,0.776766733,0.738520667,0.75329
82.583333,1.013122,0.872029333,0.953781333,0.903127333,0.776922,0.777806733,0.739128667,0.75329
82.666667,1.01668,0.874117333,0.956777333,0.906159333,0.777746,0.778224733,0.739432667,0.75478
82.75,1.019438,0.876635333,0.960037333,0.908557333,0.77857,0.780100733,0.740042667,0.75478
82.833333,1.022204,0.877479333,0.962319333,0.911605333,0.77857,0.780516733,0.740502667,0.75553
82.916667,1.024432,0.879607333,0.964615333,0.914685333,0.780224,0.780516733,0.740350667,0.75553
83,1.02695,0.881535333,0.967169333,0.917343333,0.780224,0.781146733,0.740962667,0.75254
83.083333,1.028928,0.884107333,0.969225333,0.918901333,0.781054,0.781356733,0.741882667,0.75629
83.166667,1.031198,0.885827333,0.971555333,0.921367333,0.781884,0.781568733,0.742652667,0.75704
83.25,1.033766,0.888853333,0.974163333,0.923385333,0.782714,0.782620733,0.743268667,0.75704
83.333333,1.036924,0.890815333,0.976787333,0.925195333,0.783554,0.783672733,0.744652667,0.75931
83.416667,1.03981,0.893455333,0.979955333,0.927475333,0.784394,0.784732733,0.745732667,0.76007
83.5,1.043308,0.895215333,0.983675333,0.930675333,0.785234,0.785364733,0.746352667,0.75779
83.583333,1.046234,0.898085333,0.986883333,0.932513333,0.786074,0.786212733,0.746196667,0.75779
83.666667,1.049178,0.900313333,0.990397333,0.935513333,0.787762,0.787488733,0.746504667,0.76007
83.75,1.051852,0.902999333,0.993379333,0.938535333,0.787762,0.788550733,0.746660667,0.76083
83.833333,1.054836,0.904575333,0.995559333,0.940877333,0.78861,0.788764733,0.746972667,0.76083
83.916667,1.057248,0.907053333,0.997757333,0.943477333,0.789458,0.790470733,0.747128667,0.76159
84,1.05966,0.908867333,1.000523333,0.946309333,0.790306,0.790470733,0.748216667,0.76083
84.083333,1.062708,0.910231333,1.003039333,0.949415333,0.790306,0.790900733,0.748684667,0.76083
84.166667,1.064844,0.912769333,1.006125333,0.951573333,0.79201,0.792628733,0.748996667,0.76235
84.25,1.067308,0.915543333,1.009785333,0.954469333,0.79201,0.793488733,0.749464667,0.76159
84.333333,1.069476,0.918805333,1.012903333,0.956903333,0.792866,0.794572733,0.750088667,0.76311
84.416667,1.073226,0.922313333,1.016343333,0.959831333,0.793722,0.796734733,0.750558667,0.76541
84.5,1.075426,0.926059333,1.019229333,0.962049333,0.794578,0.798696733,0.750870667,0.76388
84.583333,1.078574,0.927953333,1.021545333,0.964509333,0.795442,0.799574733,0.751338667,0.76311
84.666667,1.081756,0.930331333,1.024173333,0.966997333,0.797162,0.801320733,0.751496667,0.76541
84.75,1.085276,0.932249333,1.026217333,0.969755333,0.798026,0.802198733,0.752126667,0.76388
84.833333,1.08787,0.934179333,1.027989333,0.972529333,0.79889,0.803078733,0.752126667,0.76618
84.916667,1.090452,0.936115333,1.030671333,0.974805333,0.799754,0.803520733,0.752912667,0.76465
85,1.093054,0.939035333,1.033657333,0.978113333,0.799754,0.803962733,0.753070667,0.76465
85.083333,1.095354,0.940987333,1.036673333,0.980937333,0.800626,0.804848733,0.753700667,0.76541
85.166667,1.097336,0.943199333,1.040911333,0.983521333,0.801498,0.805734733,0.753542667,0.76695
85.25,1.098996,0.945925333,1.044569333,0.985859333,0.80237,0.806398733,0.754172667,0.76618
85.333333,1.102338,0.948407333,1.047025333,0.989255333,0.803242,0.807066733,0.754172667,0.76618
85.416667,1.105706,0.950409333,1.049803333,0.991619333,0.804114,0.808406733,0.754486667,0.7685
85.5,1.109446,0.953167333,1.052611333,0.994267333,0.804996,0.809078733,0.754644667,0.76695
85.583333,1.112852,0.956207333,1.054809333,0.996661333,0.805878,0.809974733,0.755596667,0.77005
85.666667,1.115924,0.958245333,1.057017333,0.999061333,0.80676,0.812002733,0.756232667,0.77005
85.75,1.119398,0.960283333,1.060511333,1.001767333,0.807642,0.813126733,0.757504667,0.77083
85.833333,1.121834,0.963115333,1.064029333,1.004199333,0.808524,0.813352733,0.758774667,0.77005
85.916667,1.123234,0.965963333,1.067587333,1.006653333,0.809716,0.814028733,0.759092667,0.77161
86,1.126418,0.968049333,1.070829333,1.009117333,0.810312,0.814706733,0.759410667,0.77083
86.083333,1.129964,0.970931333,1.074415333,1.012147333,0.810848,0.814478733,0.759568667,0.77161
86.166667,1.132118,0.974079333,1.076715333,1.014941333,0.8110608,0.814704733,0.760050667,0.77265
86.25,1.136092,0.976735333,1.079369333,1.018009333,0.8112752,0.815838733,0.761123333,0.772195
86.333333,1.139592,0.978688667,1.082369333,1.020535333,0.8111312,0.816976733,0.762066167,0.772234
86.416667,1.143092,0.982188667,1.085369333,1.023355333,0.8109888,0.818348733,0.762891867,0.7717116
86.5,1.146592,0.985688667,1.088369333,1.026493333,0.810848,0.819494733,0.763160107,0.7715892
86.583333,1.150092,0.989188667,1.091369333,1.029379333,0.8112064,0.820406733,0.763561147,0.7716708
86.666667,1.15159,0.990686667,1.094369333,1.031971333,0.811386,0.821326733,0.763770587,0.7719964
86.75,1.152394,0.991490667,1.096,1.035457333,0.811685333,0.821786733,0.763461227,0.772234
86.833333,1.155582,0.994678667,1.099218,1.038967333,0.812288,0.821326733,0.762891867,0.772682
86.916667,1.158798,0.997894667,1.100826,1.042223333,0.812288,0.821096733,0.763413467,0.773298
87,1.160822,0.999918667,1.1037,1.044905333,0.813196,0.821556733,0.763552867,0.773204667
87.083333,1.163658,1.002754667,1.106562,1.048183333,0.814104,0.822020733,0.763511867,0.774708
87.166667,1.165702,1.004171067,1.109436,1.050589333,0.815012,0.822020733,0.764167867,0.774708
87.25,1.167754,1.009229733,1.11193,1.053009333,0.815012,0.822942733,0.764003867,0.774708
87.333333,1.169828,1.012309733,1.116088,1.054529333,0.81592,0.823634733,0.764167867,0.775838
87.416667,1.172746,1.014955733,1.118202,1.056363333,0.81684,0.824560733,0.764823867,0.775838
87.5,1.175252,1.017153733,1.12116,1.058829333,0.81776,0.824328733,0.765317867,0.774708
87.583333,1.178626,1.018935733,1.123274,1.061931333,0.81868,0.825254733,0.765481867,0.774708
87.666667,1.18245,1.021169733,1.125408,1.064739333,0.8196,0.825486733,0.765975867,0.776968
87.75,1.185874,1.022521733,1.12844,1.068183333,0.82052,0.826416733,0.767127867,0.776968
87.833333,1.188454,1.024789733,1.131488,1.072299333,0.821448,0.826648733,0.767623867,0.776968
87.916667,1.19191,1.027045733,1.134108,1.075481333,0.821448,0.827578733,0.767953867,0.778108
88,1.194972,1.029789733,1.138046,1.078371333,0.822376,0.827578733,0.768283867,0.776968
88.083333,1.19717,1.033015733,1.141574,1.081271333,0.823304,0.828746733,0.768947867,0.776968
88.166667,1.199828,1.034855733,1.143356,1.084193333,0.824232,0.828982733,0.769113867,0.778108
88.25,1.204306,1.037183733,1.1456,1.087159333,0.824232,0.829686733,0.769279867,0.776968
88.333333,1.206994,1.040445733,1.148758,1.090461333,0.82516,0.830156733,0.769611867,0.779248
88.416667,1.20971,1.042799733,1.151488,1.093789333,0.8261,0.831564733,0.770109867,0.780388
88.5,1.212426,1.044219733,1.153768,1.097473333,0.8261,0.831800733,0.770277867,0.780388
88.583333,1.21517,1.046573733,1.157444,1.101185333,0.82704,0.832744733,0.770943867,0.779248
88.666667,1.21656,1.048001733,1.160688,1.103911333,0.82704,0.833690733,0.771275867,0.779248
88.75,1.219332,1.049919733,1.163018,1.106995333,0.82798,0.834876733,0.771441867,0.778108
88.833333,1.222134,1.051849733,1.164886,1.109753333,0.82798,0.835114733,0.771941867,0.780388
88.916667,1.224462,1.054267733,1.168182,1.112179333,0.82892,0.836064733,0.772275867,0.780388
89,1.227776,1.057673733,1.171046,1.115695333,0.82987,0.836300733,0.772611867,0.780388
89.083333,1.231108,1.061099733,1.173438,1.118865333,0.83081,0.836300733,0.773281867,0.780388
89.166667,1.234458,1.063063733,1.176806,1.121341333,0.83176,0.836538733,0.774287867,0.781528
89.25,1.237354,1.065537733,1.180666,1.124551333,0.83271,0.836774733,0.774959867,0.782678
89.333333,1.241216,1.068533733,1.184092,1.128509333,0.83366,0.837252733,0.775463867,0.782678
89.416667,1.243662,1.070541733,1.186554,1.131429333,0.83366,0.837970733,0.775295867,0.781528
89.5,1.246622,1.072561733,1.189016,1.134349333,0.83461,0.839170733,0.775801867,0.783828
89.583333,1.2496,1.075079733,1.191506,1.137641333,0.83461,0.839892733,0.775801867,0.781528
89.666667,1.252594,1.077111733,1.193504,1.141353333,0.835568,0.840850733,0.776309867,0.782678
89.75,1.256118,1.078649733,1.196036,1.143967333,0.836526,0.841814733,0.775973867,0.784978
89.833333,1.259148,1.080705733,1.199084,1.146989333,0.837484,0.842054733,0.776647867,0.783828
89.916667,1.261696,1.082773733,1.202132,1.150397333,0.838442,0.842536733,0.775973867,0.783828
90,1.26478,1.085365733,1.204694,1.153819333,0.8394,0.843018733,0.775973867,0.783828
90.083333,1.266836,1.088505733,1.208302,1.156517333,0.8394,0.843260733,0.775973867,0.784978
90.166667,1.268918,1.091129733,1.211442,1.160001333,0.840372,0.843504733,0.775973867,0.783828
90.25,1.271528,1.093235733,1.2146,1.162735333,0.841344,0.845204733,0.776651867,0.786138
90.333333,1.274686,1.095353733,1.217758,1.166281333,0.842316,0.845692733,0.777325867,0.786138
90.416667,1.277342,1.097485733,1.220936,1.169843333,0.843288,0.845936733,0.778515867,0.784978
90.5,1.281062,1.098019733,1.224154,1.173031333,0.84426,0.847640733,0.778515867,0.784978
90.583333,1.284278,1.100177733,1.226312,1.175433333,0.84426,0.848128733,0.780041867,0.786138
90.666667,1.288066,1.102883733,1.228484,1.178253333,0.84426,0.848128733,0.779531867,0.786138
90.75,1.29079,1.105607733,1.231208,1.180287333,0.84426,0.848616733,0.779869867,0.784978
90.833333,1.29353,1.108347733,1.233394,1.182331333,0.84426,0.849594733,0.780211867,0.784978
90.916667,1.29685,1.111625733,1.23617,1.184801333,0.84426,0.850088733,0.780551867,0.787298
91,1.300192,1.113279733,1.237824,1.187689333,0.84426,0.850332733,0.780893867,0.786138
91.083333,1.302434,1.115507733,1.241186,1.191031333,0.845893333,0.851320733,0.781745867,0.787298
91.166667,1.305818,1.117749733,1.24457,1.194387333,0.84671,0.852308733,0.782085867,0.787298
91.25,1.309226,1.120005733,1.247954,1.197331333,0.8472,0.852741733,0.782085867,0.786138
91.333333,1.312092,1.122261733,1.25082,1.199443333,0.84818,0.852640067,0.782597867,0.786138
91.416667,1.314978,1.125091733,1.255392,1.202431333,0.84916,0.8538734,0.782425867,0.788458
91.5,1.317864,1.126225733,1.258298,1.204151333,0.84916,0.853050067,0.782425867,0.787298
91.583333,1.320196,1.127367733,1.26063,1.206317333,0.84916,0.852636733,0.782937867,0.787298
91.666667,1.32314,1.129099733,1.262962,1.208923333,0.850154,0.853359233,0.783109867,0.788458
91.75,1.324908,1.131417733,1.265926,1.211971333,0.851148,0.853792733,0.783971867,0.789628
91.833333,1.327288,1.134341733,1.268306,1.214617333,0.852142,0.854288733,0.784143867,0.788458
91.916667,1.330882,1.137247733,1.271312,1.217263333,0.853136,0.854782733,0.784485867,0.788458
92,1.334502,1.140769733,1.274318,1.219485333,0.85413,0.855278733,0.785173867,0.789628
92.083333,1.336932,1.142535733,1.278556,1.222173333,0.85413,0.855528733,0.785863867,0.789628
92.166667,1.339958,1.144913733,1.281004,1.225333333,0.85413,0.855528733,0.785689867,0.788458
92.25,1.343654,1.146111733,1.284702,1.228061333,0.85413,0.856530733,0.786379867,0.790798
92.333333,1.345508,1.149117733,1.287816,1.231253333,0.855134,0.856778733,0.786895867,0.789628
92.416667,1.348008,1.151547733,1.29093,1.235401333,0.856138,0.857028733,0.786723867,0.789628
92.5,1.351144,1.153351733,1.293448,1.238643333,0.857142,0.857278733,0.786723867,0.789628
92.583333,1.354922,1.155181733,1.296606,1.241445333,0.858146,0.858028733,0.787069867,0.789628
92.666667,1.356832,1.158251733,1.29916,1.244263333,0.85915,0.858028733,0.787415867,0.791968
92.75,1.360014,1.160105733,1.301732,1.247577333,0.85915,0.858778733,0.787589867,0.790798
92.833333,1.361292,1.161973733,1.30496,1.249971333,0.85915,0.860034733,0.788281867,0.790798
92.916667,1.36323,1.166333733,1.307552,1.253341333,0.85915,0.861294733,0.788281867,0.790798
93,1.365842,1.169469733,1.309504,1.256729333,0.85915,0.861294733,0.788455867,0.793148
93.083333,1.36912,1.170729733,1.31147,1.260633333,0.85915,0.861294733,0.788803867,0.790798
93.166667,1.372424,1.172625733,1.313452,1.263577333,0.85915,0.861294733,0.789673867,0.790798
93.25,1.377048,1.175831733,1.31545,1.267041333,0.85915,0.861548733,0.790021867,0.791968
93.333333,1.380376,1.177117733,1.318124,1.270545333,0.85915,0.861042733,0.790543867,0.790798
93.416667,1.383756,1.179055733,1.322166,1.273557333,0.860166,0.862306733,0.791067867,0.793148
93.5,1.38647,1.181629733,1.325548,1.276089333,0.861182,0.863064733,0.791067867,0.793148
93.583333,1.388514,1.184221733,1.329652,1.279655333,0.862198,0.864074733,0.791417867,0.793148
93.666667,1.391272,1.185537733,1.333788,1.282739333,0.863214,0.863820733,0.791943867,0.794318
93.75,1.394732,1.188169733,1.337248,1.285861333,0.86423,0.864580733,0.792293867,0.793148
93.833333,1.397534,1.190149733,1.33934,1.289513333,0.86423,0.864580733,0.792819867,0.795508
93.916667,1.400336,1.193477733,1.342142,1.293187333,0.86423,0.865090733,0.793345867,0.793148
94,1.403852,1.196151733,1.34499,1.296365333,0.86423,0.865856733,0.793345867,0.793148
94.083333,1.4067,1.198843733,1.347134,1.300107333,0.86423,0.867648733,0.792995867,0.794318
94.166667,1.408846,1.201559733,1.350006,1.303895333,0.865258,0.868416733,0.793699867,0.793148
94.25,1.411008,1.204275733,1.35435,1.306601333,0.865258,0.870218733,0.794227867,0.793148
94.333333,1.41317,1.206335733,1.357244,1.309881333,0.866286,0.871246733,0.794227867,0.794318
94.416667,1.41609,1.208395733,1.358704,1.313181333,0.867314,0.872276733,0.794403867,0.795508
94.5,1.418288,1.210473733,1.36165,1.316523333,0.868342,0.872794733,0.795281867,0.795508
94.583333,1.421232,1.212565733,1.363868,1.319335333,0.868342,0.873568733,0.795281867,0.795508
94.666667,1.42496,1.214657733,1.365366,1.323849333,0.86937,0.874090733,0.795281867,0.795508
94.75,1.428688,1.216767733,1.368362,1.327835333,0.86937,0.875130733,0.795633867,0.794318
94.833333,1.430944,1.219591733,1.372896,1.331263333,0.86937,0.875912733,0.796161867,0.796688
94.916667,1.433966,1.221717733,1.375172,1.334149333,0.86937,0.876958733,0.796337867,0.796688
95,1.437014,1.224589733,1.37822,1.337647333,0.86937,0.878002733,0.796691867,0.796688
95.083333,1.439332,1.226735733,1.381294,1.339995333,0.86937,0.878526733,0.796339867,0.795508
95.166667,1.44165,1.229631733,1.384396,1.342961333,0.87041,0.879314733,0.796515867,0.796688
95.25,1.443968,1.231813733,1.386754,1.346531333,0.87145,0.880102733,0.797047867,0.796688
95.333333,1.446306,1.234733733,1.390684,1.350125333,0.87249,0.881162733,0.797401867,0.796688
95.416667,1.449466,1.236205733,1.393842,1.353769333,0.87353,0.881952733,0.797223867,0.796688
95.5,1.451044,1.239149733,1.396222,1.357413333,0.87457,0.883012733,0.797575867,0.796688
95.583333,1.454232,1.241385733,1.39944,1.361741333,0.87457,0.883808733,0.798105867,0.796688
95.666667,1.45742,1.243621733,1.401864,1.366101333,0.87457,0.884338733,0.798283867,0.795508
95.75,1.460636,1.245877733,1.403488,1.369215333,0.87457,0.884338733,0.798461867,0.796688
95.833333,1.463082,1.247375733,1.405936,1.372375333,0.87457,0.885136733,0.798993867,0.797878
95.916667,1.46633,1.249651733,1.409214,1.376181333,0.87457,0.885670733,0.799171867,0.799068
96,1.467968,1.251947733,1.410868,1.379411333,0.87457,0.886204733,0.799349867,0.799068
96.083333,1.470438,1.254243733,1.413362,1.381349333,0.87457,0.887274733,0.799171867,0.797878
96.166667,1.472094,1.255781733,1.415856,1.385905333,0.87457,0.888888733,0.799171867,0.797878
96.25,1.473764,1.259641733,1.418374,1.389183333,0.875622,0.889426733,0.799887867,0.797878
96.333333,1.476282,1.261977733,1.420916,1.392485333,0.876674,0.889696733,0.800419867,0.797878
96.416667,1.4788,1.263541733,1.424324,1.397217333,0.877726,0.890234733,0.800597867,0.799068
96.5,1.482206,1.265899733,1.426892,1.404005333,0.878778,0.890772733,0.801493867,0.797878
96.583333,1.485612,1.269057733,1.430332,1.409521333,0.87983,0.890500733,0.802389867,0.800268
96.666667,1.489052,1.270651733,1.432924,1.416473333,0.87983,0.891310733,0.802389867,0.799068
96.75,1.491644,1.272245733,1.435544,1.422755333,0.87983,0.892120733,0.802747867,0.799068
96.833333,1.494236,1.275463733,1.438188,1.427027333,0.87983,0.892662733,0.803105867,0.800268
96.916667,1.49599,1.278711733,1.441732,1.430633333,0.87983,0.892934733,0.803465867,0.799068
97,1.498636,1.281159733,1.444404,1.435013333,0.87983,0.892664733,0.803285867,0.800268
97.083333,1.50131,1.283607733,1.447076,1.438709333,0.87983,0.892664733,0.803105867,0.800268
97.166667,1.503984,1.286885733,1.449776,1.443165333,0.87983,0.892936733,0.804005867,0.799068
97.25,1.506658,1.289379733,1.452506,1.446895333,0.87983,0.893208733,0.804365867,0.800268
97.333333,1.50936,1.290209733,1.454336,1.450655333,0.87983,0.893208733,0.804365867,0.800268
97.416667,1.512088,1.292727733,1.457094,1.453703333,0.87983,0.893750733,0.804365867,0.801458
97.5,1.513916,1.295245733,1.460792,1.456779333,0.880896,0.894022733,0.805085867,0.801458
97.583333,1.516674,1.296933733,1.464528,1.460673333,0.881962,0.894294733,0.804905867,0.800268
97.666667,1.519432,1.298637733,1.467344,1.465369333,0.883028,0.894566733,0.805265867,0.801458
97.75,1.522218,1.302045733,1.47112,1.469301333,0.884094,0.895384733,0.805085867,0.801458
97.833333,1.525036,1.304637733,1.473968,1.473269333,0.88516,0.895384733,0.805805867,0.802658
97.916667,1.527854,1.307229733,1.476848,1.477271333,0.88516,0.895384733,0.805805867,0.801458
98,1.529742,1.310703733,1.47878,1.480519333,0.88516,0.895112733,0.805805867,0.802658
98.083333,1.53356,1.313321733,1.481692,1.482965333,0.88516,0.895386733,0.805985867,0.800268
98.166667,1.53644,1.315967733,1.484638,1.487081333,0.88516,0.895386733,0.806345867,0.801458
98.25,1.53837,1.317741733,1.487584,1.490389333,0.88516,0.895930733,0.806707867,0.802658
98.333333,1.5403,1.320415733,1.490562,1.493731333,0.88516,0.895930733,0.807069867,0.802658
98.416667,1.543212,1.323115733,1.494556,1.497105333,0.88516,0.896476733,0.807977867,0.803868
98.5,1.544194,1.325815733,1.496554,1.501343333,0.88516,0.896750733,0.808339867,0.803868
98.583333,1.546168,1.327623733,1.497558,1.504783333,0.88516,0.896476733,0.809067867,0.801458
98.666667,1.548142,1.330351733,1.500606,1.509105333,0.88516,0.897024733,0.809249867,0.801458
98.75,1.55112,1.332179733,1.50265,1.513471333,0.88516,0.898396733,0.809977867,0.802658
98.833333,1.554132,1.334027733,1.504718,1.516981333,0.88516,0.898396733,0.810159867,0.802658
98.916667,1.558172,1.336815733,1.506762,1.520527333,0.88696,0.899224733,0.810707867,0.802658
99,1.56122,1.340553733,1.510898,1.522301333,0.88786,0.900324733,0.810707867,0.802658
99.083333,1.564268,1.343371733,1.51299,1.525921333,0.8884,0.901152733,0.810891867,0.802658
99.166667,1.567352,1.346189733,1.516148,1.528649333,0.88948,0.901152733,0.811073867,0.799068
99.25,1.56942,1.348079733,1.519346,1.532307333,0.89056,0.901702733,0.811073867,0.803868
99.333333,1.571514,1.349987733,1.524676,1.536003333,0.89056,0.901702733,0.811439867,0.806288
99.416667,1.574672,1.351917733,1.526822,1.541549333,0.89056,0.901978733,0.811439867,0.805078
99.5,1.57783,1.352875733,1.53006,1.545327333,0.89056,0.901978733,0.812171867,0.803868
99.583333,1.579948,1.355785733,1.533338,1.550075333,0.89056,0.902254733,0.812171867,0.805078
99.666667,1.583146,1.358695733,1.53443,1.553893333,0.89056,0.902530733,0.812353867,0.806288
99.75,1.58529,1.361641733,1.536658,1.557755333,0.89056,0.902530733,0.812353867,0.805078
99.833333,1.587462,1.363615733,1.539978,1.561659333,0.89056,0.903088733,0.813269867,0.802658
99.916667,1.59074,1.367565733,1.542206,1.565607333,0.89056,0.903366733,0.813269867,0.805078
100,1.594018,1.369563733,1.544462,1.569601333,0.89056,0.903644733,0.813453867,0.802658
100.083333,1.596216,1.372577733,1.548974,1.572579333,0.89056,0.904478733,0.813821867,0.803868
100.166667,1.599536,1.375625733,1.551258,1.576619333,0.89056,0.905316733,0.814005867,0.805078
100.25,1.601764,1.378673733,1.553542,1.579667333,0.89056,0.905316733,0.814005867,0.805078
100.333333,1.604022,1.380717733,1.556992,1.582751333,0.89238,0.905596733,0.814373867,0.806288
100.416667,1.60628,1.383801733,1.56049,1.584819333,0.891925,0.905876733,0.814925867,0.806288
100.5,1.609688,1.385869733,1.564036,1.590021333,0.891652,0.905596733,0.815665867,0.806288
100.583333,1.611974,1.387961733,1.567582,1.593179333,0.892744,0.905876733,0.816219867,0.806288
100.666667,1.615426,1.389001733,1.571128,1.597417333,0.893836,0.905876733,0.816219867,0.805078
100.75,1.617742,1.391093733,1.574724,1.600615333,0.893836,0.905596733,0.816035867,0.806288
100.833333,1.62124,1.393211733,1.577138,1.604905333,0.894928,0.906156733,0.816035867,0.805078
100.916667,1.622406,1.395329733,1.579586,1.607077333,0.89602,0.906716733,0.815663867,0.805078
101,1.624754,1.398567733,1.582034,1.610357333,0.89602,0.907280733,0.815477867,0.806288
101.083333,1.628348,1.401765733,1.584482,1.613677333,0.89602,0.908122733,0.815661867,0.806288
101.166667,1.630728,1.405003733,1.586964,1.618133333,0.89602,0.909526733,0.816031867,0.807498
101.25,1.63314,1.407175733,1.590714,1.621497333,0.89602,0.909808733,0.815663867,0.808718
101.333333,1.636734,1.410453733,1.593232,1.624861333,0.89602,0.910370733,0.816221867,0.807498
101.416667,1.639146,1.411559733,1.59575,1.628267333,0.89602,0.910370733,0.816779867,0.807498
101.5,1.640378,1.414879733,1.599554,1.631719333,0.897126,0.911220733,0.817151867,0.808718
101.583333,1.644074,1.418241733,1.602108,1.635217333,0.897126,0.911220733,0.818081867,0.807498
101.666667,1.646556,1.421603733,1.6047,1.639913333,0.898232,0.912642733,0.818635867,0.808718
101.75,1.649038,1.423859733,1.607292,1.644609333,0.898232,0.913492733,0.819007867,0.808718
101.833333,1.652788,1.427267733,1.609884,1.649369333,0.899338,0.914918733,0.819379867,0.807498
101.916667,1.655306,1.429553733,1.612516,1.652963333,0.898232,0.915202733,0.820123867,0.807498
102,1.65786,1.430705733,1.615148,1.656607333,0.899338,0.916342733,0.819751867,0.808718
102.083333,1.660414,1.434203733,1.617822,1.659053333,0.899338,0.916054733,0.820681867,0.808718
102.166667,1.662968,1.437701733,1.620496,1.662749333,0.900444,0.916338733,0.820681867,0.809938
102.25,1.665562,1.440047733,1.624538,1.666499333,0.900444,0.916052733,0.820495867,0.807498
102.333333,1.669482,1.442393733,1.627254,1.670249333,0.90155,0.916340733,0.819751867,0.807498
102.416667,1.672116,1.445937733,1.631358,1.672767333,0.90155,0.916914733,0.819937867,0.807498
102.5,1.67475,1.448351733,1.634114,1.676573333,0.90155,0.917488733,0.819565867,0.808718
102.583333,1.677384,1.450765733,1.63687,1.680435333,0.90155,0.918640733,0.819751867,0.809938
102.666667,1.680056,1.454411733,1.639672,1.683029333,0.90155,0.919504733,0.820499867,0.808718
102.75,1.681402,1.458057733,1.642474,1.686949333,0.90155,0.920948733,0.821057867,0.808718
102.833333,1.684116,1.460505733,1.645322,1.690869333,0.90155,0.921238733,0.821243867,0.808718
102.916667,1.68683,1.461737733,1.64817,1.694847333,0.90155,0.922396733,0.821803867,0.808718
103,1.689544,1.464219733,1.652478,1.697519333,0.90155,0.922106733,0.821617867,0.808718
103.083333,1.692302,1.466737733,1.655372,1.700191333,0.90155,0.922106733,0.821241867,0.808718
103.166667,1.69506,1.469255733,1.658266,1.702905333,0.90155,0.922106733,0.821803867,0.808718
103.25,1.697862,1.471773733,1.661212,1.704251333,0.90155,0.922396733,0.821245867,0.811168
103.333333,1.700664,1.475577733,1.664158,1.705619333,0.90155,0.921816733,0.821245867,0.809938
103.416667,1.704902,1.478131733,1.665644,1.706987333,0.902672,0.922686733,0.821431867,0.809938
103.5,1.70775,1.480723733,1.66713,1.709745333,0.903794,0.922976733,0.821431867,0.808718
103.583333,1.710598,1.482009733,1.671664,1.712547333,0.904916,0.923268733,0.821619867,0.811168
103.666667,1.713494,1.485927733,1.674712,1.716717333,0.904916,0.924144733,0.822741867,0.809938
103.75,1.717874,1.488559733,1.67776,1.720955333,0.904916,0.925310733,0.823117867,0.809938
103.833333,1.720818,1.491191733,1.680808,1.725193333,0.904916,0.925896733,0.823493867,0.812398
103.916667,1.723762,1.493865733,1.683856,1.728041333,0.904916,0.926478733,0.824245867,0.811168
104,1.726706,1.497845733,1.68542,1.730937333,0.904916,0.927066733,0.824433867,0.809938
104.083333,1.72819,1.500561733,1.688578,1.733833333,0.906038,0.926772733,0.824433867,0.812398
104.166667,1.72819,1.503277733,1.691736,1.735293333,0.90716,0.927066733,0.824433867,0.811168
104.25,1.7297,1.507383733,1.696518,1.736753333,0.90716,0.926772733,0.824999867,0.811168
104.333333,1.73121,1.510141733,1.7013,1.739697333,0.90716,0.926772733,0.824811867,0.808718
104.416667,1.734258,1.512899733,1.704518,1.741181333,0.90716,0.926184733,0.825001867,0.811168
104.5,1.737306,1.515701733,1.707796,1.741923333,0.90716,0.926772733,0.825379867,0.811168
104.583333,1.74192,1.518503733,1.711074,1.74316,0.90716,0.927362733,0.825757867,0.813628
104.666667,1.745024,1.519915733,1.712728,1.745633333,0.90716,0.927950733,0.825757867,0.809938
104.75,1.748128,1.522763733,1.71607,1.745633333,0.90716,0.929128733,0.826135867,0.811168
104.833333,1.749694,1.525611733,1.719412,1.748153333,0.90716,0.930010733,0.826895867,0.812398
104.916667,1.752854,1.527047733,1.7211,1.749413333,0.90716,0.930896733,0.827275867,0.812398
105,1.754448,1.529943733,1.724508,1.750169333,0.90716,0.930896733,0.827655867,0.813628
105.083333,1.756042,1.532839733,1.727916,1.753217333,0.908294,0.930896733,0.827845867,0.812398
105.166667,1.759258,1.535783733,1.729636,1.756265333,0.909428,0.930896733,0.827467867,0.812398
105.25,1.762474,1.538727733,1.73311,1.757801333,0.910562,0.930896733,0.827467867,0.811168
105.333333,1.765752,1.543181733,1.736584,1.759337333,0.911696,0.930600733,0.827277867,0.811168
105.416667,1.767374,1.546175733,1.738338,1.762439333,0.91283,0.930896733,0.827467867,0.813628
105.5,1.770652,1.549169733,1.741882,1.764005333,0.91283,0.930896733,0.827657867,0.812398
105.583333,1.772308,1.552217733,1.745426,1.767165333,0.91283,0.930896733,0.828795867,0.812398
105.666667,1.77565,1.555265733,1.747216,1.770325333,0.91283,0.930896733,0.828605867,0.813628
105.75,1.777336,1.556803733,1.749006,1.773485333,0.91283,0.931192733,0.828985867,0.813628
105.833333,1.780678,1.559905733,1.752626,1.775079333,0.91283,0.930896733,0.828985867,0.813628
105.916667,1.784084,1.563007733,1.754456,1.778295333,0.91283,0.931486733,0.829175867,0.813628
106,1.78749,1.564571733,1.758154,1.778295333,0.91283,0.931486733,0.828985867,0.812398
106.083333,1.78921,1.566135733,1.759984,1.779917333,0.91283,0.931486733,0.829367867,0.812398
106.166667,1.79093,1.569293733,1.763682,1.781539333,0.91283,0.931190733,0.829557867,0.813628
106.25,1.794404,1.570887733,1.76555,1.783161333,0.91283,0.931486733,0.829557867,0.813628
106.333333,1.796158,1.574105733,1.767418,1.783161333,0.91283,0.931782733,0.829557867,0.814858
106.416667,1.797912,1.577323733,1.769326,1.784783333,0.91283,0.932376733,0.830129867,0.812398
106.5,1.799666,1.582195733,1.775054,1.786439333,0.91283,0.933266733,0.830511867,0.812398
106.583333,1.803212,1.585473733,1.778914,1.788095333,0.91283,0.934460733,0.830893867,0.813628
106.666667,1.805004,1.588751733,1.782774,1.789751333,0.91283,0.935058733,0.831657867,0.814858
106.75,1.806796,1.590405733,1.786634,1.793093333,0.91283,0.935356733,0.832229867,0.816098
106.833333,1.808588,1.592059733,1.786634,1.794749333,0.91283,0.935956733,0.832039867,0.813628
106.916667,1.81038,1.593747733,1.786634,1.794749333,0.91283,0.936256733,0.832039867,0.813628
107,1.81038,1.595435733,1.788632,1.796435333,0.91283,0.935656733,0.832231867,0.813628
107.083333,1.812208,1.598843733,1.79063,1.798121333,0.91283,0.935356733,0.831467867,0.814858
107.166667,1.814036,1.602251733,1.792628,1.798121333,0.91283,0.935656733,0.831659867,0.813628
107.25,1.817732,1.605659733,1.798622,1.801527333,0.91283,0.935356733,0.831659867,0.814858
107.333333,1.821428,1.607379733,1.802664,1.804933333,0.91283,0.935356733,0.831659867,0.814858
107.416667,1.825124,1.610853733,1.804708,1.805793333,0.91283,0.935656733,0.831853867,0.816098
107.5,1.826992,1.612607733,1.806752,1.807226666,0.91283,0.936558733,0.833197867,0.816098
107.583333,1.82886,1.616153733,1.810888,1.810093333,0.91283,0.936858733,0.833391867,0.812398
107.666667,1.83077,1.619699733,1.81298,1.810093333,0.91427,0.937762733,0.833773867,0.814858
107.75,1.834632,1.623245733,1.817218,1.810093333,0.913982,0.938364733,0.834159867,0.813628
107.833333,1.838494,1.625037733,1.81931,1.810093333,0.915134,0.938966733,0.834159867,0.814858
107.916667,1.842356,1.628657733,1.823548,1.810093333,0.916286,0.939268733,0.833965867,0.814858
108,1.848214,1.630485733,1.825694,1.811847333,0.917438,0.939268733,0.833965867,0.816098
108.083333,1.852162,1.632313733,1.830038,1.813601333,0.917438,0.939268733,0.834351867,0.814858
108.166667,1.854158,1.636009733,1.830038,1.815355333,0.91859,0.938966733,0.834545867,0.817348
108.25,1.856154,1.639705733,1.834382,1.817109333,0.91859,0.938966733,0.834931867,0.816098
108.333333,1.85815,1.643481733,1.83658,1.818863333,0.91859,0.938664733,0.835317867,0.816098
108.416667,1.85815,1.647257733,1.841034,1.818863333,0.91859,0.939874733,0.835509867,0.817348
108.5,1.85815,1.651033733,1.84329,1.820655333,0.91859,0.939874733,0.835509867,0.817348
108.583333,1.860194,1.654893733,1.847744,1.822447333,0.91859,0.940780733,0.835315867,0.816098
108.666667,1.862238,1.658753733,1.85,1.823343333,0.91859,0.941994733,0.835121867,0.819838
108.75,1.864282,1.660705733,1.854572,1.824836666,0.91859,0.942598733,0.835511867,0.817348
108.833333,1.866326,1.662657733,1.856888,1.827823333,0.91859,0.942598733,0.835897867,0.817348
108.916667,1.86837,1.666607733,1.859204,1.827823333,0.919756,0.943204733,0.836477867,0.816098
109,1.86837,1.668605733,1.86152,1.827823333,0.919756,0.944736733,0.837057867,0.817348
109.083333,1.870464,1.670603733,1.863836,1.830108333,0.920922,0.944736733,0.837833867,0.816098
109.166667,1.870464,1.672601733,1.866216,1.831479333,0.920922,0.945652733,0.837057867,0.817348
109.25,1.870464,1.676643733,1.866216,1.833307333,0.922088,0.946264733,0.837057867,0.818588
109.333333,1.872558,1.678687733,1.868596,1.833307333,0.922088,0.947492733,0.837643867,0.818588
109.416667,1.874652,1.680731733,1.870976,1.835135333,0.923254,0.947184733,0.837449867,0.817348
109.5,1.874652,1.682775733,1.873356,1.837003333,0.923254,0.948106733,0.837253867,0.821098
109.583333,1.876746,1.686911733,1.873356,1.837003333,0.92442,0.948722733,0.837447867,0.818588
109.666667,1.87884,1.689003733,1.875736,1.837003333,0.92442,0.949338733,0.837255867,0.818588
109.75,1.87884,1.691095733,1.875736,1.838831333,0.92442,0.948416733,0.836865867,0.819838
109.833333,1.87884,1.693187733,1.878184,1.840699333,0.92442,0.948108733,0.837255867,0.817348
109.916667,1.87884,1.695279733,1.880632,1.840699333,0.92442,0.947492733,0.837255867,0.817348
110,1.880984,1.697425733,1.88308,1.842567333,0.92442,0.947184733,0.837641867,0.817348
110.083333,1.880984,1.699571733,1.885528,1.844435333,0.92442,0.946262733,0.838613867,0.819838
110.166667,1.883128,1.701717733,1.887976,1.846303333,0.92442,0.946568733,0.838807867,0.818588
110.25,1.885272,1.706061733,1.887976,1.846303333,0.92442,0.946568733,0.839001867,0.817348
110.333333,1.887416,1.710405733,1.887976,1.846303333,0.92442,0.946568733,0.839197867,0.818588
110.416667,1.887416,1.712603733,1.887976,1.848213333,0.92442,0.946260733,0.839587867,0.818588
110.5,1.88956,1.714801733,1.887976,1.848213333,0.92442,0.946566733,0.839783867,0.818588
110.583333,1.88956,1.716999733,1.890494,1.850123333,0.92442,0.946566733,0.839783867,0.818588
110.666667,1.891758,1.716999733,1.893012,1.852033333,0.92442,0.946260733,0.839979867,0.818588
110.75,1.893956,1.719255733,1.89553,1.853943333,0.92442,0.946568733,0.840173867,0.819838
110.833333,1.896154,1.721511733,1.898048,1.853943333,0.92442,0.946568733,0.840565867,0.818588
110.916667,1.898352,1.723767733,1.900566,1.855853333,0.92442,0.946568733,0.839979867,0.818588
111,1.90055,1.726023733,1.900566,1.855853333,0.92442,0.946876733,0.840371867,0.819838
111.083333,1.90055,1.728279733,1.900566,1.855853333,0.92442,0.947798733,0.840371867,0.819838
111.166667,1.90055,1.728279733,1.900566,1.857805333,0.92442,0.948416733,0.840567867,0.819838
111.25,1.90055,1.730597733,1.900566,1.859757333,0.9256,0.948724733,0.840959867,0.818588
111.333333,1.90055,1.732915733,1.900566,1.861709333,0.9256,0.949032733,0.841741867,0.819838
111.416667,1.90055,1.735233733,1.900566,1.863661333,0.92678,0.948418733,0.841349867,0.818588
111.5,1.902808,1.737551733,1.903158,1.865613333,0.92796,0.948728733,0.841741867,0.822348
111.583333,1.905066,1.739869733,1.90575,1.865613333,0.92914,0.948110733,0.842527867,0.821098
111.666667,1.907324,1.739869733,1.908342,1.865613333,0.92914,0.948110733,0.842527867,0.819838
111.75,1.909582,1.739869733,1.910934,1.865613333,0.93032,0.948418733,0.842723867,0.821098
111.833333,1.91184,1.739869733,1.913526,1.865613333,0.93032,0.949650733,0.842919867,0.821098
111.916667,1.91184,1.742247733,1.913526,1.865613333,0.93032,0.949650733,0.843511867,0.818588
112,1.91184,1.742247733,1.913526,1.867609333,0.93032,0.949958733,0.843313867,0.819838
112.083333,1.91184,1.744625733,1.913526,1.869605333,0.93032,0.950266733,0.843117867,0.819838
112.166667,1.91184,1.747003733,1.913526,1.871601333,0.93032,0.949958733,0.843513867,0.819838
112.25,1.91184,1.749381733,1.9162,1.873597333,0.93032,0.949340733,0.843905867,0.819838
112.333333,1.914156,1.749381733,1.918874,1.875593333,0.93032,0.949650733,0.843707867,0.821098
112.416667,1.916472,1.751759733,1.921548,1.875593333,0.93032,0.949342733,0.843905867,0.819838
112.5,1.918788,1.751759733,1.924222,1.875593333,0.93032,0.949342733,0.844101867,0.819838
112.583333,1.921104,1.751759733,1.926896,1.875593333,0.93032,0.949960733,0.843705867,0.821098
112.666667,1.92342,1.751759733,1.926896,1.875593333,0.93032,0.949960733,0.844297867,0.821098
112.75,1.92342,1.754207733,1.926896,1.875593333,0.93032,0.949960733,0.844495867,0.822348
112.833333,1.92342,1.756655733,1.926896,1.877637333,0.93032,0.950888733,0.844693867,0.822348
112.916667,1.92342,1.759103733,1.926896,1.879681333,0.93032,0.951508733,0.844693867,0.822348
113,1.9258,1.761551733,1.926896,1.881725333,0.9318175,0.952130733,0.844891867,0.821098
113.083333,1.9258,1.763999733,1.926896,1.881725333,0.931518,0.952748733,0.844693867,0.823608
113.166667,1.926395,1.763999733,1.929652,1.881725333,0.932716,0.952748733,0.844891867,0.822348
113.25,1.927386667,1.763999733,1.932408,1.881725333,0.932716,0.952748733,0.844693867,0.822348
113.333333,1.927386667,1.763999733,1.935164,1.881725333,0.932716,0.952748733,0.845287867,0.821098
113.416667,1.927386667,1.763999733,1.93792,1.881725333,0.931518,0.952436733,0.845683867,0.823608
113.5,1.931353333,1.763999733,1.940676,1.883769333,0.932716,0.952746733,0.845881867,0.822348
113.583333,1.932345,1.763999733,1.940676,1.885813333,0.932716,0.952746733,0.845683867,0.822348
113.666667,1.93294,1.763999733,1.940676,1.885813333,0.933914,0.952746733,0.846277867,0.822348
113.75,1.93532,1.7681964,1.940676,1.885813333,0.933914,0.952746733,0.846277867,0.822348
113.833333,1.93532,1.770294733,1.940676,1.885813333,0.935112,0.952746733,0.846079867,0.823608
113.916667,1.93532,1.771553733,1.940676,1.885813333,0.933914,0.953058733,0.846079867,0.823608
114,1.937766,1.774071733,1.940676,1.887907333,0.933914,0.952748733,0.846079867,0.822348
114.083333,1.940212,1.776589733,1.940676,1.890001333,0.933914,0.952748733,0.846279867,0.823608
114.166667,1.942658,1.776589733,1.940676,1.892095333,0.935112,0.953060733,0.846477867,0.823608
114.25,1.945104,1.776589733,1.940676,1.894189333,0.935112,0.953060733,0.846675867,0.823608
114.333333,1.945104,1.776589733,1.943524,1.896283333,0.93631,0.952748733,0.847071867,0.824878
114.416667,1.945104,1.779181733,1.946372,1.896283333,0.93631,0.953370733,0.847467867,0.822348
114.5,1.942658,1.779829733,1.94922,1.896283333,0.93631,0.953060733,0.847069867,0.823608
114.583333,1.942658,1.780909733,1.952068,1.896283333,0.93631,0.953374733,0.846871867,0.824878
114.666667,1.942658,1.780909733,1.954916,1.896283333,0.93631,0.953374733,0.846871867,0.826148
114.75,1.945104,1.785229733,1.954916,1.896283333,0.93631,0.953686733,0.846871867,0.823608
114.833333,1.945104,1.785229733,1.954916,1.896283333,0.93631,0.954314733,0.846673867,0.823608
114.916667,1.94755,1.786309733,1.954916,1.896283333,0.93631,0.954624733,0.846673867,0.824878
115,1.94755,1.786957733,1.954916,1.898427333,0.93631,0.954310733,0.847469867,0.824878
115.083333,1.94755,1.789549733,1.954916,1.898963333,0.93631,0.955566733,0.848065867,0.824878
115.166667,1.94755,1.789549733,1.954916,1.899856666,0.93631,0.955880733,0.848463867,0.823608
115.25,1.94755,1.789549733,1.954916,1.90343,0.93631,0.955252733,0.848861867,0.822348
115.333333,1.950068,1.789549733,1.957862,1.90343,0.93631,0.955252733,0.848465867,0.822348
115.416667,1.952586,1.789549733,1.957862,1.90343,0.93631,0.955566733,0.848067867,0.822348
115.5,1.953845,1.792223733,1.960808,1.901643333,0.93631,0.955250733,0.848467867,0.826148
115.583333,1.955943333,1.794897733,1.963754,1.902715333,0.93631,0.955250733,0.848867867,0.824878
115.666667,1.96014,1.794897733,1.9667,1.902715333,0.93631,0.955878733,0.849265867,0.824878
115.75,1.96014,1.794897733,1.9659635,1.904859333,0.93631,0.956504733,0.850457867,0.824878
115.833333,1.96014,1.797571733,1.969646,1.904859333,0.93631,0.956504733,0.850655867,0.826148
115.916667,1.96014,1.797571733,1.969646,1.907003333,0.93631,0.956190733,0.850455867,0.823608
116,1.96014,1.797571733,1.969646,1.907003333,0.93631,0.955876733,0.850255867,0.824878
116.083333,1.96014,1.800245733,1.969646,1.907003333,0.93631,0.955562733,0.850255867,0.824878
116.166667,1.96014,1.802919733,1.969646,1.907003333,0.93631,0.955562733,0.849857867,0.822348
116.25,1.9633825,1.802919733,1.969646,1.907003333,0.93631,0.955876733,0.850057867,0.826148
116.333333,1.965328,1.802919733,1.969646,1.907003333,0.938336667,0.956190733,0.850057867,0.824878
116.416667,1.967922,1.802919733,1.969646,1.907003333,0.93783,0.956504733,0.850257867,0.824878
116.5,1.970516,1.802919733,1.969646,1.907003333,0.938742,0.956818733,0.849859867,0.826148
116.583333,1.97311,1.805677733,1.969646,1.907003333,0.939958,0.956818733,0.850659867,0.824878
116.666667,1.97311,1.805677733,1.969646,1.907003333,0.941174,0.957134733,0.850859867,0.824878
116.75,1.97311,1.808435733,1.969646,1.907003333,0.941174,0.956820733,0.850261867,0.826148
116.833333,1.97311,1.811193733,1.969646,1.907003333,0.94239,0.957134733,0.850663867,0.824878
116.916667,1.97311,1.813951733,1.972694,1.907003333,0.94239,0.957450733,0.851663867,0.826148
117,1.97311,1.813262233,1.975742,1.907003333,0.94239,0.957764733,0.851461867,0.827418
117.083333,1.97311,1.816709733,1.97879,1.907003333,0.94239,0.957134733,0.851863867,0.826148
117.166667,1.97311,1.816709733,1.981838,1.909203333,0.94239,0.957134733,0.852461867,0.826148
117.25,1.97311,1.816709733,1.984886,1.909203333,0.94239,0.956820733,0.851859867,0.824878
117.333333,1.975782,1.816709733,1.984886,1.911403333,0.94239,0.956504733,0.851659867,0.824878
117.416667,1.975782,1.816709733,1.984886,1.913603333,0.94239,0.956504733,0.851861867,0.824878
117.5,1.978454,1.816709733,1.984886,1.915803333,0.94239,0.956818733,0.851059867,0.826148
117.583333,1.981126,1.816709733,1.984886,1.915803333,0.94239,0.957132733,0.851863867,0.827418
117.666667,1.983798,1.816709733,1.984886,1.918003333,0.94239,0.957446733,0.852465867,0.827418
117.75,1.983798,1.816709733,1.984886,1.918003333,0.94239,0.957762733,0.852263867,0.827418
117.833333,1.98647,1.816709733,1.984886,1.918003333,0.94239,0.958394733,0.852665867,0.826148
117.916667,1.98647,1.816709733,1.984886,1.918003333,0.94239,0.958710733,0.853267867,0.826148
118,1.98647,1.816709733,1.984886,1.920259333,0.94239,0.958710733,0.853065867,0.827418
118.083333,1.98647,1.819557733,1.984886,1.922515333,0.94239,0.958396733,0.853065867,0.824878
118.166667,1.98647,1.822405733,1.988044,1.924771333,0.94239,0.958712733,0.853669867,0.826148
118.25,1.98647,1.825253733,1.988044,1.927027333,0.94239,0.958080733,0.853871867,0.826148
118.333333,1.98647,1.828101733,1.991202,1.929283333,0.94239,0.957764733,0.853871867,0.826148
118.416667,1.98647,1.830949733,1.99436,1.929283333,0.94239,0.958396733,0.853871867,0.827418
118.5,1.98647,1.830949733,1.997518,1.929283333,0.94239,0.959342733,0.853671867,0.826148
118.583333,1.98647,1.830949733,1.997518,1.929283333,0.94239,0.959342733,0.853469867,0.827418
118.666667,1.98647,1.830949733,2.000676,1.929283333,0.94239,0.959974733,0.852865867,0.826148
118.75,1.98647,1.830949733,2.000676,1.929283333,0.94239,0.959974733,0.853267867,0.826148
118.833333,1.989228,1.830949733,2.000676,1.929283333,0.944443333,0.959974733,0.854077867,0.826148
118.916667,1.991986,1.830949733,2.000676,1.929283333,0.94547,0.959658733,0.854277867,0.827418
119,1.994744,1.830949733,2.000676,1.931599333,0.946086,0.959342733,0.853875867,0.827418
119.083333,1.997502,1.830949733,2.000676,1.933915333,0.946086,0.959660733,0.853473867,0.828688
119.166667,2.00026,1.830949733,2.000676,1.933915333,0.946086,0.960292733,0.854081867,0.827418
119.25,2.00026,1.833893733,2.000676,1.933915333,0.946086,0.959976733,0.853271867,0.827418
119.333333,2.00026,1.833893733,2.000676,1.936231333,0.946086,0.960928733,0.854081867,0.826148
119.416667,2.00026,1.836837733,2.000676,1.936231333,0.94547,0.961562733,0.854887867,0.826148
119.5,2.00026,1.839781733,2.000676,1.935073333,0.946496667,0.961562733,0.855691867,0.826148
119.583333,2.00026,1.842725733,2.000676,1.937003333,0.94855,0.961880733,0.855285867,0.824878
119.666667,2.003108,1.842725733,2.000676,1.940863333,0.94855,0.962196733,0.855689867,0.827418
119.75,2.003108,1.845669733,2.003954,1.940863333,0.94855,0.961878733,0.855689867,0.826148
119.833333,2.005956,1.845669733,2.007232,1.940863333,0.94701,0.962196733,0.855893867,0.826148
119.916667,2.008804,1.845669733,2.01051,1.940863333,0.946086,0.962514733,0.856299867,0.827418
120,2.011652,1.845669733,2.013788,1.940863333,0.946086,0.962832733,0.856503867,0.826148
120.083333,2.011652,1.845669733,2.017066,1.940863333,0.946086,0.964108733,0.856301867,0.828688
120.166667,2.0145,1.845669733,2.017066,1.940863333,0.946086,0.964746733,0.856301867,0.827418
120.25,2.0145,1.845669733,2.017066,1.940863333,0.94701,0.965386733,0.855895867,0.826148
120.333333,2.0145,1.845669733,2.017066,1.940863333,0.94855,0.965706733,0.855489867,0.828688
120.416667,2.0145,1.845669733,2.017066,1.940863333,0.94855,0.966026733,0.855489867,0.827418
120.5,2.0145,1.848717733,2.017066,1.940863333,0.94855,0.965386733,0.855287867,0.827418
120.583333,2.0145,1.848717733,2.017066,1.943243333,0.94855,0.965706733,0.855085867,0.827418
120.666667,2.0145,1.848717733,2.017066,1.943838333,0.94855,0.966030733,0.855693867,0.827418
120.75,2.0145,1.851765733,2.017066,1.94483,0.94855,0.966350733,0.855895867,0.827418
120.833333,2.0145,1.854813733,2.017066,1.94483,0.94855,0.966670733,0.855489867,0.828688
120.916667,2.0145,1.854813733,2.017066,1.948796666,0.94855,0.967310733,0.856097867,0.828688
121,2.0145,1.857861733,2.017066,1.948796666,0.94855,0.966990733,0.856299867,0.827418
121.083333,2.0145,1.860909733,2.017066,1.949788333,0.94855,0.966666733,0.856097867,0.827418
121.166667,2.0145,1.860909733,2.017066,1.949788333,0.94855,0.966666733,0.856301867,0.827418
121.25,2.0145,1.860909733,2.017066,1.952763333,0.94855,0.966666733,0.856707867,0.827418
121.333333,2.0145,1.860909733,2.017066,1.952763333,0.94855,0.966990733,0.856707867,0.826148
121.416667,2.0145,1.860909733,2.017066,1.952763333,0.94855,0.967956733,0.855897867,0.827418
121.5,2.0145,1.860909733,2.017066,1.952763333,0.94855,0.968602733,0.855897867,0.827418
121.583333,2.017444,1.860909733,2.017066,1.952763333,0.94855,0.969574733,0.855693867,0.827418
121.666667,2.020388,1.860909733,2.017066,1.952763333,0.94855,0.970220733,0.855895867,0.827418
121.75,2.02186,1.860909733,2.017066,1.952763333,0.94855,0.970868733,0.855691867,0.827418
121.833333,2.024313333,1.860909733,2.020474,1.952763333,0.94855,0.970868733,0.856705867,0.828688
121.916667,2.02922,1.860909733,2.023882,1.952763333,0.94855,0.970868733,0.856299867,0.828688
122,2.02922,1.860909733,2.02729,1.952763333,0.94855,0.970542733,0.856503867,0.827418
122.083333,2.02922,1.860909733,2.030698,1.952763333,0.94855,0.970542733,0.856301867,0.827418
122.166667,2.02922,1.860909733,2.034106,1.952763333,0.94855,0.970868733,0.856911867,0.828688
122.25,2.02922,1.864067733,2.034106,1.952763333,0.94855,0.970546733,0.856505867,0.828688
122.333333,2.02922,1.864857233,2.034106,1.952763333,0.94855,0.970872733,0.856911867,0.827418
122.416667,2.02922,1.866173067,2.034106,1.952763333,0.94855,0.971198733,0.857113867,0.828688
122.5,2.02922,1.8714364,2.034106,1.952763333,0.94855,0.971198733,0.857113867,0.829968
122.583333,2.02922,1.8714364,2.034106,1.952763333,0.94855,0.971198733,0.857523867,0.827418
122.666667,2.02922,1.866173067,2.034106,1.952763333,0.94855,0.971846733,0.857725867,0.826148
122.75,2.02922,1.868804733,2.034106,1.952763333,0.94855,0.971520733,0.857927867,0.827418
122.833333,2.02922,1.870383733,2.034106,1.952763333,0.94855,0.971194733,0.858335867,0.827418
122.916667,2.02922,1.868804733,2.034106,1.952763333,0.94855,0.971194733,0.858741867,0.827418
123,2.032268,1.8714364,2.034106,1.952763333,0.94855,0.970868733,0.857519867,0.826148
123.083333,2.032268,1.876699733,2.034106,1.952763333,0.94855,0.970542733,0.857723867,0.827418
123.166667,2.032268,1.876699733,2.034106,1.952763333,0.94855,0.970220733,0.857927867,0.828688
123.25,2.035316,1.876699733,2.034106,1.952763333,0.94855,0.970546733,0.857317867,0.828688
123.333333,2.038364,1.876699733,2.034106,1.952763333,0.94855,0.970872733,0.856707867,0.826148
123.416667,2.038364,1.876699733,2.034106,1.952763333,0.94855,0.970872733,0.857519867,0.826148
123.5,2.04065,1.876699733,2.034106,1.952763333,0.94855,0.971198733,0.857315867,0.826148
123.583333,2.04446,1.876699733,2.03765,1.952763333,0.94855,0.971520733,0.857315867,0.827418
123.666667,2.04446,1.876699733,2.03765,1.952763333,0.94855,0.971520733,0.857517867,0.826148
123.75,2.04446,1.876699733,2.03765,1.95684,0.94855,0.971846733,0.857923867,0.827418
123.833333,2.04446,1.876699733,2.041194,1.958878333,0.94855,0.972172733,0.857111867,0.828688
123.916667,2.04446,1.876699733,2.041194,1.960101333,0.9498,0.971846733,0.856503867,0.827418
124,2.04446,1.876699733,2.03765,1.962547333,0.9498,0.972498733,0.856503867,0.827418
124.083333,2.04446,1.876699733,2.041194,1.964993333,0.9498,0.972498733,0.856707867,0.827418
124.166667,2.04446,1.876699733,2.044738,1.964993333,0.95105,0.972498733,0.856707867,0.827418
124.25,2.04446,1.879977733,2.044738,1.964993333,0.95105,0.971846733,0.856707867,0.827418
124.333333,2.04446,1.883255733,2.048282,1.964993333,0.95105,0.972498733,0.857519867,0.826148
124.416667,2.04446,1.884894733,2.051826,1.964993333,0.95105,0.972172733,0.857315867,0.828688
124.5,2.04446,1.8876264,2.051826,1.964993333,0.9523,0.971846733,0.856909867,0.827418
124.583333,2.04446,1.893089733,2.051826,1.964993333,0.9523,0.971846733,0.857113867,0.826148
124.666667,2.04446,1.893089733,2.051826,1.964993333,0.9523,0.972824733,0.857519867,0.826148
124.75,2.04446,1.893089733,2.051826,1.964993333,0.95105,0.973150733,0.857315867,0.828688
124.833333,2.04446,1.893089733,2.051826,1.964993333,0.95105,0.973150733,0.856909867,0.827418
124.916667,2.04446,1.893089733,2.051826,1.964993333,0.9498,0.973476733,0.857111867,0.827418
125,2.04446,1.893089733,2.051826,1.964993333,0.9498,0.973150733,0.856907867,0.828688
125.083333,2.04762,1.893089733,2.051826,1.964993333,0.95105,0.972172733,0.856703867,0.826148
125.166667,2.05078,1.893089733,2.051826,1.964993333,0.9523,0.971520733,0.856907867,0.827418
125.25,2.05394,1.893089733,2.051826,1.964993333,0.95355,0.971846733,0.857313867,0.826148
125.333333,2.0571,1.893089733,2.051826,1.964993333,0.9548,0.971520733,0.857927867,0.826148
125.416667,2.06026,1.893089733,2.051826,1.964993333,0.9548,0.971846733,0.857319867,0.826148
125.5,2.06026,1.893089733,2.051826,1.964993333,0.9548,0.972498733,0.857319867,0.826148
125.583333,2.06026,1.893089733,2.051826,1.964993333,0.9548,0.973150733,0.857319867,0.827418
125.666667,2.06026,1.893089733,2.051826,1.964993333,0.9548,0.972824733,0.857523867,0.828688
125.75,2.06026,1.893089733,2.051826,1.964993333,0.9548,0.973150733,0.856758367,0.827418
125.833333,2.06026,1.893089733,2.051826,1.964993333,0.9548,0.973150733,0.8575192,0.826148
125.916667,2.06026,1.893089733,2.051826,1.964993333,0.9548,0.973150733,0.858875867,0.827418
126,2.06026,1.893089733,2.051826,1.964993333,0.9548,0.972498733,0.858535867,0.826148
126.083333,2.06026,1.893089733,2.051826,1.964993333,0.9548,0.972824733,0.8578592,0.827418
126.166667,2.06026,1.893089733,2.051826,1.964993333,0.9548,0.973150733,0.857265867,0.826148
126.25,2.06026,1.893089733,2.051826,1.964993333,0.9548,0.973476733,0.856909867,0.827418
126.333333,2.06026,1.893089733,2.051826,1.964993333,0.9548,0.974130733,0.855893867,0.826148
126.416667,2.06026,1.893089733,2.057989333,1.964993333,0.9548,0.974456733,0.855487867,0.823608
126.5,2.06026,1.896497733,2.061071,1.964993333,0.9548,0.973804733,0.855283867,0.826148
126.583333,2.06026,1.899905733,2.059222,1.964993333,0.9548,0.973478733,0.855689867,0.826148
126.666667,2.06026,1.903313733,2.059222,1.964993333,0.9548,0.972826733,0.856095867,0.827418
126.75,2.06026,1.906721733,2.06292,1.964993333,0.95355,0.971198733,0.856297867,0.826148
126.833333,2.06026,1.910129733,2.059222,1.964993333,0.95355,0.971198733,0.856095867,0.826148
126.916667,2.063538,1.910129733,2.059222,1.964993333,0.9523,0.971850733,0.856299867,0.826148
127,2.066816,1.910129733,2.06292,1.964993333,0.9523,0.971850733,0.856299867,0.826148
127.083333,2.070094,1.910129733,2.066618,1.964993333,0.9523,0.972176733,0.855893867,0.826148
127.166667,2.070094,1.910129733,2.066618,1.964993333,0.95355,0.973150733,0.856097867,0.824878
127.25,2.073372,1.910129733,2.070316,1.964993333,0.95355,0.973150733,0.856097867,0.826148
127.333333,2.073372,1.910129733,2.070316,1.964993333,0.9548,0.973150733,0.856299867,0.826148
127.416667,2.070094,1.910129733,2.070316,1.964993333,0.9548,0.973802733,0.855691867,0.827418
127.5,2.066816,1.910129733,2.070316,1.968140833,0.9548,0.974128733,0.855895867,0.826148
127.583333,2.070094,1.910129733,2.070316,1.970029333,0.9548,0.973802733,0.856301867,0.824878
127.666667,2.070094,1.910129733,2.070316,1.972547333,0.9548,0.973802733,0.856707867,0.826148
127.75,2.070094,1.910129733,2.070316,1.975065333,0.9548,0.974128733,0.856301867,0.826148
127.833333,2.073372,1.910129733,2.070316,1.977583333,0.9548,0.973476733,0.856707867,0.826148
127.916667,2.07665,1.910129733,2.070316,1.977583333,0.95355,0.973150733,0.856707867,0.823608
128,2.073372,1.910129733,2.070316,1.977583333,0.9523,0.973476733,0.856097867,0.824878
128.083333,2.073372,1.910129733,2.070316,1.977583333,0.95105,0.973802733,0.855893867,0.824878
128.166667,2.0725525,1.910129733,2.070316,1.977583333,0.9498,0.973476733,0.856299867,0.826148
128.25,2.071186667,1.910129733,2.070316,1.977583333,0.94855,0.973802733,0.856095867,0.824878
128.333333,2.071186667,1.910129733,2.070316,1.977583333,0.94855,0.974128733,0.855891867,0.824878
128.416667,2.071186667,1.910129733,2.070316,1.977583333,0.94855,0.973802733,0.856095867,0.826148
128.5,2.065723333,1.910129733,2.070316,1.977583333,0.94855,0.973150733,0.856299867,0.823608
128.583333,2.0643575,1.910129733,2.070316,1.977583333,0.94855,0.972824733,0.855893867,0.824878
128.666667,2.066816,1.910129733,2.070316,1.977583333,0.94855,0.972498733,0.855489867,0.823608
128.75,2.066816,1.910129733,2.070316,1.977583333,0.94855,0.972498733,0.855693867,0.823608
128.833333,2.070094,1.910129733,2.070316,1.977583333,0.94855,0.973150733,0.855693867,0.824878
128.916667,2.073372,1.910129733,2.070316,1.977583333,0.94855,0.973802733,0.855287867,0.826148
129,2.07665,1.910129733,2.070316,1.977583333,0.94855,0.974782733,0.855085867,0.823608
129.083333,2.07665,1.910129733,2.070316,1.977583333,0.94855,0.975434733,0.855693867,0.823608
129.166667,2.07665,1.910129733,2.070316,1.977583333,0.94855,0.975434733,0.855895867,0.824878
129.25,2.07665,1.910129733,2.070316,1.977583333,0.94855,0.975762733,0.855287867,0.824878
129.333333,2.07665,1.910129733,2.070316,1.977583333,0.94855,0.975762733,0.855287867,0.823608
129.416667,2.07665,1.910129733,2.070316,1.977583333,0.94855,0.974782733,0.855693867,0.824878
129.5,2.07665,1.910129733,2.070316,1.977583333,0.94855,0.974456733,0.855287867,0.824878
129.583333,2.07665,1.910129733,2.070316,1.977583333,0.94855,0.974130733,0.854881867,0.823608
129.666667,2.073372,1.910129733,2.070316,1.977583333,0.94855,0.973476733,0.855489867,0.823608
129.75,2.070094,1.910129733,2.070316,1.977583333,0.94855,0.973150733,0.855691867,0.823608
129.833333,2.070094,1.910129733,2.070316,1.977583333,0.94855,0.973150733,0.855487867,0.823608
129.916667,2.066816,1.910129733,2.070316,1.977583333,0.94855,0.973150733,0.855893867,0.822348
130,2.063538,1.910129733,2.070316,1.977583333,0.94855,0.972824733,0.856503867,0.823608
130.083333,2.066816,1.910129733,2.070316,1.977583333,0.94855,0.973150733,0.856299867,0.823608
130.166667,2.070094,1.910129733,2.070316,1.977583333,0.94855,0.972824733,0.856503867,0.823608
130.25,2.070094,1.910129733,2.070316,1.977583333,0.94855,0.972824733,0.856301867,0.824878
130.333333,2.073372,1.910129733,2.070316,1.977583333,0.94855,0.973478733,0.855693867,0.823608
130.416667,2.07665,1.910129733,2.070316,1.977583333,0.94855,0.973804733,0.855083867,0.822348
130.5,2.07665,1.910129733,2.070316,1.977583333,0.94855,0.973152733,0.854881867,0.824878
130.583333,2.07665,1.910129733,2.070316,1.977583333,0.94855,0.974132733,0.854273867,0.823608
130.666667,2.07665,1.910129733,2.070316,1.977583333,0.94855,0.974132733,0.854881867,0.823608
130.75,2.07665,1.910129733,2.070316,1.977583333,0.94855,0.972826733,0.854881867,0.822348
130.833333,2.07665,1.910129733,2.070316,1.977583333,0.94855,0.973152733,0.855085867,0.823608
130.916667,2.07665,1.910129733,2.070316,1.980177333,0.94855,0.973804733,0.855491867,0.822348
131,2.07665,1.910129733,2.070316,1.982771333,0.94855,0.973150733,0.855693867,0.823608
131.083333,2.07665,1.913675733,2.074176,1.982771333,0.94855,0.973150733,0.855491867,0.823608
131.166667,2.07665,1.913675733,2.074176,1.982771333,0.94855,0.973802733,0.856099867,0.822348
131.25,2.07665,1.913675733,2.074176,1.982771333,0.94855,0.973150733,0.855693867,0.823608
131.333333,2.07665,1.917221733,2.078036,1.982771333,0.94855,0.972824733,0.855895867,0.823608
131.416667,2.07665,1.920767733,2.081896,1.982771333,0.94855,0.972824733,0.856503867,0.822348
131.5,2.07665,1.917221733,2.081896,1.985365333,0.94855,0.973804733,0.855895867,0.823608
131.583333,2.07665,1.920767733,2.085756,1.985365333,0.94855,0.973804733,0.856097867,0.823608
131.666667,2.07665,1.924313733,2.089616,1.985365333,0.9498,0.974784733,0.856503867,0.823608
131.75,2.080056,1.923427233,2.089616,1.985365333,0.95105,0.975438733,0.856097867,0.822348
131.833333,2.083462,1.921949733,2.089616,1.985365333,0.9523,0.976422733,0.855895867,0.822348
131.916667,2.086868,1.927859733,2.089616,1.985365333,0.9523,0.976422733,0.856097867,0.822348
132,2.090274,1.927859733,2.089616,1.985365333,0.9523,0.977738733,0.856097867,0.824878
132.083333,2.09368,1.927859733,2.089616,1.987959333,0.95105,0.978068733,0.856299867,0.823608
132.166667,2.09368,1.927859733,2.089616,1.987959333,0.9498,0.978398733,0.856503867,0.823608
132.25,2.09368,1.927859733,2.089616,1.987310833,0.9498,0.978730733,0.856705867,0.822348
132.333333,2.09368,1.927859733,2.089616,1.98623,0.95105,0.979392733,0.856907867,0.823608
132.416667,2.09368,1.927859733,2.089616,1.990553333,0.9523,0.978730733,0.856501867,0.823608
132.5,2.09368,1.927859733,2.089616,1.990553333,0.95355,0.978730733,0.855893867,0.823608
132.583333,2.09368,1.927859733,2.089616,1.990553333,0.9548,0.978400733,0.856095867,0.821098
132.666667,2.09368,1.927859733,2.089616,1.990553333,0.9548,0.977410733,0.856095867,0.822348
132.75,2.09368,1.927859733,2.089616,1.990553333,0.9548,0.977742733,0.856501867,0.823608
132.833333,2.09368,1.927859733,2.089616,1.990553333,0.9548,0.978072733,0.856501867,0.823608
132.916667,2.09368,1.927859733,2.089616,1.990553333,0.9548,0.979068733,0.856907867,0.822348
133,2.09368,1.927859733,2.089616,1.990553333,0.9548,0.979730733,0.856501867,0.822348
133.083333,2.09368,1.927859733,2.089616,1.990553333,0.9548,0.981052733,0.856299867,0.823608
133.166667,2.09368,1.927859733,2.089616,1.990553333,0.9548,0.980388733,0.856299867,0.822348
133.25,2.09368,1.927859733,2.089616,1.990553333,0.9548,0.980388733,0.856705867,0.823608
133.333333,2.09368,1.927859733,2.089616,1.990553333,0.9548,0.979724733,0.857111867,0.822348
133.416667,2.09368,1.927859733,2.089616,1.990553333,0.9548,0.980056733,0.857721867,0.822348
133.5,2.09368,1.927859733,2.089616,1.990553333,0.9548,0.979724733,0.857315867,0.823608
133.583333,2.09368,1.927859733,2.089616,1.990553333,0.9548,0.980056733,0.856909867,0.822348
133.666667,2.09368,1.927859733,2.089616,1.990553333,0.9548,0.980056733,0.856909867,0.823608
133.75,2.09368,1.927859733,2.089616,1.990553333,0.9548,0.979394733,0.856097867,0.823608
133.833333,2.09368,1.927859733,2.089616,1.990553333,0.9548,0.978730733,0.855691867,0.822348
133.916667,2.09368,1.927859733,2.089616,1.990553333,0.9548,0.978730733,0.856503867,0.823608
134,2.09368,1.927859733,2.089616,1.990553333,0.9548,0.978398733,0.856707867,0.823608
134.083333,2.09368,1.927859733,2.093658,1.990553333,0.9548,0.978068733,0.856707867,0.822348
134.166667,2.09368,1.927859733,2.093658,1.990553333,0.95355,0.978398733,0.857315867,0.823608
134.25,2.09368,1.927859733,2.0946685,1.990553333,0.9523,0.978730733,0.857518367,0.823608
134.333333,2.09368,1.927859733,2.096352667,1.990553333,0.9523,0.977414733,0.8571792,0.823608
134.416667,2.09368,1.927859733,2.096352667,1.990553333,0.95105,0.976756733,0.857515867,0.822348
134.5,2.09368,1.931555733,2.096352667,1.990553333,0.9498,0.976756733,0.856502533,0.821098
134.583333,2.09368,1.931555733,2.096352667,1.990553333,0.95105,0.976756733,0.8554892,0.823608
134.666667,2.09368,1.935251733,2.096352667,1.990553333,0.95105,0.975766733,0.855743367,0.823608
134.75,2.09368,1.935251733,2.096352667,1.990553333,0.95105,0.976750733,0.855895867,0.822348
134.833333,2.09368,1.935251733,2.096352667,1.990553333,0.9523,0.977078733,0.855489867,0.822348
134.916667,2.09368,1.931555733,2.096352667,1.990553333,0.95355,0.977408733,0.855489867,0.823608
135,2.09368,1.931555733,2.096352667,1.990553333,0.9523,0.977408733,0.856505867,0.822348
135.083333,2.09368,1.931555733,2.099721,1.990553333,0.95355,0.977736733,0.856099867,0.823608
135.166667,2.09368,1.932479733,2.101742,1.993225333,0.95355,0.977078733,0.856505867,0.821098
135.25,2.09368,1.934019733,2.105784,1.995897333,0.9523,0.976098733,0.856303867,0.821098
135.333333,2.09368,1.940179733,2.101742,1.995897333,0.95105,0.975440733,0.857115867,0.822348
135.416667,2.09368,1.940179733,2.101742,1.995897333,0.95105,0.974456733,0.856707867,0.821098
135.5,2.09368,1.940179733,2.0977,1.997233333,0.95105,0.974128733,0.857113867,0.822348
135.583333,2.09368,1.937099733,2.0946685,1.995006666,0.95105,0.974128733,0.856503867,0.824878
135.666667,2.09368,1.938947733,2.089616,1.990553333,0.9523,0.974780733,0.857111867,0.822348
135.75,2.09368,1.938947733,2.089616,1.990553333,0.95355,0.975108733,0.856907867,0.823608
135.833333,2.09368,1.942643733,2.095229889,1.990553333,0.95355,0.975108733,0.857111867,0.822348
135.916667,2.09368,1.942643733,2.096352667,1.993893333,0.95355,0.974782733,0.857111867,0.822348
136,2.09368,1.946339733,2.0977,1.993225333,0.9523,0.974456733,0.857517867,0.822348
136.083333,2.09368,1.946339733,2.0993168,1.995897333,0.95105,0.974130733,0.857517867,0.822348
136.166667,2.09368,1.946339733,2.099586267,1.998569333,0.9498,0.973150733,0.856909867,0.822348
136.25,2.09368,1.946339733,2.099182067,2.001241333,0.95105,0.972824733,0.856909867,0.823608
136.333333,2.09368,1.946339733,2.098777867,2.001241333,0.95105,0.972824733,0.857111867,0.821098
136.416667,2.09368,1.946339733,2.0977,2.003913333,0.95105,0.973150733,0.857111867,0.822348
136.5,2.09368,1.946339733,2.0977,2.001241333,0.9523,0.973150733,0.857111867,0.822348
136.583333,2.09368,1.946339733,2.0977,1.998569333,0.9523,0.973476733,0.857517867,0.821098
136.666667,2.097226,1.946339733,2.0977,1.998569333,0.95105,0.974128733,0.857313867,0.821098
136.75,2.097226,1.946339733,2.0977,1.998569333,0.9498,0.974454733,0.857517867,0.821098
136.833333,2.097226,1.946339733,2.0977,1.998569333,0.95105,0.974454733,0.857925867,0.821098
136.916667,2.100772,1.946339733,2.0977,2.001241333,0.95105,0.974454733,0.858333867,0.822348
137,2.100772,1.946339733,2.0977,2.003913333,0.951675,0.974128733,0.858535867,0.821098
137.083333,2.100772,1.946339733,2.0977,2.003913333,0.952716667,0.973802733,0.858739867,0.821098
137.166667,2.104318,1.946339733,2.0977,2.003913333,0.9548,0.973476733,0.859149867,0.822348
137.25,2.107864,1.946339733,2.0977,2.003913333,0.9548,0.973150733,0.858539867,0.823608
137.333333,2.107864,1.946339733,2.0977,2.003913333,0.9548,0.973150733,0.857725867,0.823608
137.416667,2.11141,1.946339733,2.0977,2.003913333,0.9548,0.973802733,0.857929867,0.822348
137.5,2.11141,1.946339733,2.0977,2.003913333,0.9548,0.974128733,0.857725867,0.821098
137.583333,2.11141,1.946339733,2.0977,2.003913333,0.9548,0.974454733,0.856909867,0.821098
137.666667,2.11141,1.946339733,2.0977,2.003913333,0.9548,0.974128733,0.857519867,0.822348
137.75,2.11141,1.946339733,2.0977,2.003913333,0.9548,0.974454733,0.857925867,0.822348
137.833333,2.11141,1.946339733,2.0977,2.003913333,0.9548,0.974454733,0.857925867,0.824878
137.916667,2.11141,1.946339733,2.0977,2.003913333,0.9548,0.974454733,0.857925867,0.822348
138,2.11141,1.946339733,2.0977,2.003913333,0.9548,0.974454733,0.858127867,0.823608
138.083333,2.11141,1.946339733,2.0977,2.003913333,0.9548,0.975106733,0.857719867,0.822348
138.166667,2.11141,1.946339733,2.0977,2.003913333,0.9548,0.974780733,0.857923867,0.821098
138.25,2.11141,1.946339733,2.0977,2.003913333,0.9548,0.974454733,0.857923867,0.823608
138.333333,2.11141,1.946339733,2.0977,2.003913333,0.9548,0.974782733,0.857721867,0.822348
138.416667,2.11141,1.946339733,2.0977,2.003913333,0.9548,0.974456733,0.858129867,0.823608
138.5,2.11141,1.946339733,2.0977,1.99946,0.9548,0.974130733,0.858743867,0.821098
138.583333,2.11141,1.946339733,2.0977,2.000573333,0.9548,0.974456733,0.858947867,0.822348
138.666667,2.11141,1.946339733,2.0977,1.998569333,0.9548,0.974782733,0.859357867,0.822348
138.75,2.11141,1.946339733,2.0977,1.995897333,0.9548,0.974454733,0.859763867,0.822348
138.833333,2.11141,1.946339733,2.0977,1.993225333,0.9548,0.975108733,0.859763867,0.822348
138.916667,2.11141,1.946339733,2.0977,1.993225333,0.9548,0.976092733,0.859353867,0.822348
139,2.11141,1.946339733,2.0977,1.990553333,0.9548,0.976750733,0.859353867,0.823608
139.083333,2.11141,1.951164733,2.0977,1.990553333,0.9548,0.977740733,0.858943867,0.823608
139.166667,2.11141,1.950199733,2.0977,1.990553333,0.9548,0.978068733,0.858943867,0.822348
139.25,2.11141,1.950199733,2.0977,1.990553333,0.9548,0.978398733,0.858943867,0.821098
139.333333,2.11141,1.954059733,2.0977,1.990553333,0.9548,0.978730733,0.858943867,0.822348
139.416667,2.11141,1.957919733,2.0977,1.990553333,0.95355,0.979394733,0.858943867,0.822348
139.5,2.11141,1.954059733,2.0977,1.990553333,0.9523,0.979062733,0.859147867,0.822348
139.583333,2.11141,1.954059733,2.0977,1.990553333,0.9523,0.980056733,0.859351867,0.823608
139.666667,2.11141,1.957919733,2.0977,1.990553333,0.9523,0.980720733,0.859147867,0.822348
139.75,2.11141,1.957919733,2.0977,1.990553333,0.9523,0.981052733,0.859351867,0.823608
139.833333,2.11141,1.957919733,2.0977,1.990553333,0.95355,0.981052733,0.859147867,0.823608
139.916667,2.11141,1.961779733,2.0977,1.990553333,0.9548,0.981052733,0.859147867,0.822348
140,2.11141,1.965639733,2.0977,1.990553333,0.9548,0.980388733,0.859557867,0.822348
140.083333,2.11141,1.965639733,2.0977,1.990553333,0.9548,0.979724733,0.860171867,0.821098
140.166667,2.115106,1.965639733,2.0977,1.990553333,0.9548,0.979392733,0.860171867,0.822348
140.25,2.115106,1.965639733,2.101938,1.990553333,0.9548,0.979060733,0.860375867,0.821098
140.333333,2.118802,1.965639733,2.101938,1.993225333,0.9548,0.978402733,0.859967867,0.823608
140.416667,2.118802,1.965639733,2.101938,1.995897333,0.9548,0.978402733,0.859353867,0.822348
140.5,2.118802,1.965639733,2.106176,1.995897333,0.9548,0.978072733,0.859149867,0.822348
140.583333,2.115106,1.965639733,2.108295,1.995897333,0.9548,0.977410733,0.859355867,0.822348
140.666667,2.115106,1.965639733,2.104763333,1.995897333,0.9548,0.976748733,0.859151867,0.822348
140.75,2.11141,1.965639733,2.104763333,1.995897333,0.9548,0.977406733,0.859765867,0.823608
140.833333,2.11141,1.965639733,2.111826667,1.993225333,0.9548,0.977406733,0.859969867,0.822348
140.916667,2.115106,1.965639733,2.111826667,1.995897333,0.9548,0.977736733,0.859355867,0.821098
141,2.118802,1.965639733,2.1135925,1.998569333,0.9548,0.977082733,0.859149867,0.823608
141.083333,2.122498,1.965639733,2.114652,2.001241333,0.9548,0.977082733,0.859559867,0.822348
141.166667,2.12527,1.965639733,2.11889,2.001241333,0.9548,0.976752733,0.859763867,0.823608
141.25,2.12989,1.965639733,2.11889,2.003913333,0.9548,0.976422733,0.860379867,0.822348
141.333333,2.12989,1.965639733,2.11889,2.003913333,0.9548,0.975764733,0.860787867,0.822348
141.416667,2.12989,1.965639733,2.11889,2.003913333,0.9548,0.976418733,0.861403867,0.822348
141.5,2.12989,1.965639733,2.11889,2.003913333,0.9548,0.975764733,0.860993867,0.823608
141.583333,2.12989,1.965639733,2.11889,2.003913333,0.9548,0.976094733,0.860789867,0.823608
141.666667,2.12989,1.965639733,2.11889,2.003913333,0.9548,0.976094733,0.860995867,0.823608
141.75,2.12989,1.965639733,2.11889,2.003913333,0.9548,0.976094733,0.861201867,0.823608
141.833333,2.12989,1.965639733,2.11889,2.003913333,0.9548,0.975766733,0.860177867,0.823608
141.916667,2.12989,1.965639733,2.11889,2.003913333,0.9548,0.976420733,0.860791867,0.823608
142,2.12989,1.965639733,2.11889,2.003913333,0.9548,0.975762733,0.860791867,0.822348
142.083333,2.12989,1.965639733,2.11889,2.003913333,0.9548,0.975762733,0.859765867,0.822348
142.166667,2.12989,1.965639733,2.11889,2.003913333,0.9548,0.976420733,0.860175867,0.821098
142.25,2.12989,1.965639733,2.11889,2.003913333,0.9548,0.976420733,0.860379867,0.822348
142.333333,2.12989,1.965639733,2.11889,2.003913333,0.9548,0.976420733,0.860175867,0.821098
142.416667,2.12989,1.965639733,2.11889,2.003913333,0.9548,0.976748733,0.860585867,0.823608
142.5,2.12989,1.965639733,2.11889,2.003913333,0.9548,0.976420733,0.860789867,0.822348
142.583333,2.12989,1.965639733,2.11889,2.003913333,0.9548,0.976752733,0.860583867,0.822348
142.666667,2.12989,1.965639733,2.11889,2.003913333,0.9548,0.977742733,0.860177867,0.822348
142.75,2.12989,1.965639733,2.11889,2.003913333,0.9548,0.978072733,0.860587867,0.822348
142.833333,2.133752,1.965639733,2.11889,2.003913333,0.9548,0.978734733,0.860381867,0.823608
142.916667,2.137614,1.965639733,2.11889,2.003913333,0.9548,0.979392733,0.860997867,0.823608
143,2.141476,1.965639733,2.11889,2.003913333,0.9548,0.979392733,0.860793867,0.823608
143.083333,2.145338,1.965639733,2.11889,2.003913333,0.9548,0.979060733,0.861199867,0.822348
143.166667,2.1492,1.965639733,2.11889,2.003913333,0.9548,0.979060733,0.860993867,0.821098
143.25,2.1492,1.965639733,2.11889,2.003913333,0.9548,0.978728733,0.861199867,0.822348
143.333333,2.1492,1.965639733,2.11889,2.003913333,0.9548,0.978728733,0.860993867,0.821098
143.416667,2.1492,1.965639733,2.11889,2.003913333,0.9548,0.978728733,0.860993867,0.823608
143.5,2.1492,1.965639733,2.11889,2.003913333,0.9548,0.979060733,0.861403867,0.823608
143.583333,2.1492,1.965639733,2.11889,2.003913333,0.9548,0.978730733,0.860993867,0.822348
143.666667,2.1492,1.965639733,2.11889,2.003913333,0.9548,0.978730733,0.860787867,0.823608
143.75,2.1492,1.969681733,2.11889,2.003913333,0.9548,0.978730733,0.860993867,0.822348
143.833333,2.1492,1.973723733,2.11889,2.003913333,0.9548,0.978398733,0.861197867,0.822348
143.916667,2.1492,1.975744733,2.11889,2.003913333,0.9548,0.978730733,0.860991867,0.821098
144,2.1492,1.979113067,2.11889,2.003913333,0.9548,0.979060733,0.861607867,0.823608
144.083333,2.1492,1.985849733,2.11889,2.003913333,0.9548,0.979060733,0.860789867,0.822348
144.166667,2.1492,1.985849733,2.11889,2.003913333,0.9548,0.979392733,0.860583867,0.822348
144.25,2.1492,1.985849733,2.11889,2.003913333,0.9548,0.979392733,0.860173867,0.822348
144.333333,2.1492,1.985849733,2.11889,2.003913333,0.9548,0.979060733,0.860583867,0.823608
144.416667,2.1492,1.985849733,2.11889,2.003913333,0.9548,0.979060733,0.860173867,0.822348
144.5,2.1492,1.985849733,2.11889,2.003913333,0.9548,0.979060733,0.860787867,0.822348
144.583333,2.1492,1.985849733,2.11889,2.003913333,0.9548,0.979392733,0.860583867,0.821098
144.666667,2.1492,1.985849733,2.11889,2.003913333,0.9548,0.979724733,0.860789867,0.822348
144.75,2.1492,1.985849733,2.11889,2.003913333,0.9548,0.979724733,0.860585867,0.821098
144.833333,2.1492,1.985849733,2.11889,2.003913333,0.9548,0.979724733,0.860379867,0.821098
144.916667,2.1492,1.985849733,2.11889,2.003913333,0.9548,0.980388733,0.860583867,0.821098
145,2.1492,1.985849733,2.11889,2.003913333,0.9548,0.980056733,0.860173867,0.821098
145.083333,2.1492,1.985849733,2.11889,2.003913333,0.9548,0.980388733,0.859559867,0.822348
145.166667,2.1492,1.985849733,2.11889,2.003913333,0.9548,0.980056733,0.859763867,0.821098
145.25,2.1492,1.985849733,2.11889,2.003913333,0.9548,0.980388733,0.859559867,0.821098
145.333333,2.1492,1.985849733,2.11889,2.003913333,0.9548,0.980056733,0.859355867,0.822348
145.416667,2.1492,1.985849733,2.11889,2.003913333,0.9548,0.980056733,0.859559867,0.821098
145.5,2.1492,1.985849733,2.11889,2.003913333,0.9548,0.980056733,0.860377867,0.822348
145.583333,2.1492,1.985849733,2.11889,2.003913333,0.9548,0.980720733,0.860377867,0.821098
145.666667,2.1492,1.985849733,2.11889,2.003913333,0.9548,0.981052733,0.860787867,0.821098
145.75,2.1492,1.985849733,2.11889,2.003913333,0.9548,0.980720733,0.861197867,0.821098
145.833333,2.1492,1.985849733,2.11889,2.003913333,0.9548,0.980058733,0.861197867,0.821098
145.916667,2.1492,1.985849733,2.11889,2.003913333,0.9548,0.979394733,0.861403867,0.822348
146,2.1492,1.985849733,2.11889,2.003913333,0.9548,0.979062733,0.860789867,0.821098
146.083333,2.1492,1.985849733,2.11889,2.003913333,0.9548,0.978068733,0.861199867,0.822348
146.166667,2.1492,1.985849733,2.123344,2.003913333,0.9548,0.978400733,0.860583867,0.822348
146.25,2.15324,1.985849733,2.1244575,2.003913333,0.9548,0.978400733,0.860175867,0.822348
146.333333,2.15728,1.985849733,2.126313333,2.003913333,0.9548,0.978070733,0.859559867,0.821098
146.416667,2.16132,1.985849733,2.126313333,2.003913333,0.9548,0.977408733,0.859969867,0.819838
146.5,2.16536,1.985849733,2.133736667,2.003913333,0.9548,0.977408733,0.858945867,0.819838
146.583333,2.1694,1.985849733,2.133736667,2.003913333,0.9548,0.976418733,0.859355867,0.819838
146.666667,2.1694,1.985849733,2.1355925,2.003913333,0.9548,0.977080733,0.859763867,0.819838
146.75,2.1694,1.985849733,2.1355925,2.003913333,0.9548,0.977080733,0.859969867,0.819838
146.833333,2.1694,1.985849733,2.14116,2.003913333,0.9548,0.977080733,0.859355867,0.821098
146.916667,2.1694,1.985849733,2.14116,2.003913333,0.9548,0.977080733,0.859763867,0.819838
147,2.1694,1.985849733,2.14116,2.003913333,0.9548,0.977738733,0.859353867,0.821098
147.083333,2.1694,1.985849733,2.14116,2.003913333,0.9548,0.977406733,0.859763867,0.822348
147.166667,2.1694,1.985849733,2.14116,2.003913333,0.9548,0.977406733,0.859557867,0.819838
147.25,2.1694,1.985849733,2.14116,2.003913333,0.9548,0.977406733,0.860171867,0.819838
147.333333,2.1694,1.985849733,2.14116,2.003913333,0.9548,0.977078733,0.859967867,0.821098
147.416667,2.1694,1.990087733,2.14116,2.003913333,0.9548,0.976748733,0.859967867,0.819838
147.5,2.1694,1.991147233,2.14116,2.003913333,0.9548,0.976418733,0.859557867,0.819838
147.583333,2.1694,1.992913067,2.14116,2.003913333,0.9548,0.975764733,0.859149867,0.819838
147.666667,2.1694,1.996444733,2.14116,2.003913333,0.9548,0.975110733,0.859149867,0.819838
147.75,2.1694,2.007039733,2.14116,2.003913333,0.9548,0.975438733,0.858945867,0.819838